"ProcessId","ParentProcessId","Name","ExecutablePath","CommandLine"
"0","0","System Idle Process",,
"4","0","System",,
"140","4","Secure System",,
"184","4","Registry",,
"708","4","smss.exe",,
"976","876","csrss.exe",,
"752","876","wininit.exe",,
"692","756","csrss.exe",,
"1064","756","winlogon.exe",,
"1116","752","services.exe",,
"1136","752","LsaIso.exe",,
"1148","752","lsass.exe",,
"1288","1116","svchost.exe",,
"1308","1064","fontdrvhost.exe",,
"1304","752","fontdrvhost.exe",,
"1412","1116","WUDFHost.exe",,
"1460","1116","svchost.exe",,
"1516","1116","svchost.exe",,
"1584","1116","WUDFHost.exe",,
"1644","1064","dwm.exe",,
"1764","1116","svchost.exe",,
"1784","1116","svchost.exe",,
"1908","1116","svchost.exe",,
"1916","1116","svchost.exe",,
"1924","1116","svchost.exe",,
"1940","1116","svchost.exe",,
"1992","1116","WUDFHost.exe",,
"2008","1116","svchost.exe",,
"1160","1116","svchost.exe",,
"1076","1116","svchost.exe",,
"1484","1116","IntelCpHDCPSvc.exe",,
"1856","1116","svchost.exe",,
"2156","1116","svchost.exe",,
"2180","1116","svchost.exe",,
"2244","1116","svchost.exe",,
"2296","1116","svchost.exe",,
"2344","1116","svchost.exe",,
"2352","1116","svchost.exe",,
"2408","1116","svchost.exe",,
"2472","1116","IntelCpHeciSvc.exe",,
"2484","1116","svchost.exe",,
"2680","1116","svchost.exe",,
"2772","1116","svchost.exe",,
"2852","1116","igfxCUIService.exe",,
"2904","1116","svchost.exe",,
"2736","1116","svchost.exe",,
"3196","1116","svchost.exe",,
"3208","1116","svchost.exe",,
"3216","1116","svchost.exe",,
"3324","1116","svchost.exe",,
"3364","1116","svchost.exe",,
"3388","1116","svchost.exe",,
"3396","4","Memory Compression",,
"3416","1116","svchost.exe",,
"3424","1116","WUDFHost.exe",,
"3780","1116","svchost.exe",,
"3896","1116","HotKeyServiceUWP.exe",,
"4036","1116","WTabletServiceISD.exe",,
"3476","1116","svchost.exe",,
"3872","1116","svchost.exe",,
"3680","4036","WTabletServiceISD.exe","C:\WINDOWS\System32\DriverStore\FileRepository\wtabletserviceisd.inf_amd64_5e454a5753f9a72a\WTabletServiceISD.exe","""WTabletServiceISD.exe"" /startuser"
"4352","1116","svchost.exe",,
"4436","1288","WmiPrvSE.exe",,
"4704","1116","svchost.exe",,
"4720","1116","svchost.exe",,
"4736","1116","svchost.exe",,
"4788","1116","svchost.exe",,
"4824","1116","svchost.exe",,
"4972","1116","spoolsv.exe",,
"5016","1116","svchost.exe",,
"5024","1116","svchost.exe",,
"5036","1116","svchost.exe",,
"5056","1116","svchost.exe",,
"5188","1116","svchost.exe",,
"5296","1116","svchost.exe",,
"5308","1116","svchost.exe",,
"5360","1116","AdGuardVpnSvc.exe",,
"5392","1116","svchost.exe",,
"5408","1116","DeskIn.exe",,
"5416","1116","svchost.exe",,
"5440","1116","svchost.exe",,
"5476","1116","svchost.exe",,
"5608","1116","OneApp.IGCC.WinService.exe",,
"5616","1116","OfficeClickToRun.exe",,
"5648","1116","ibtsiva.exe",,
"5700","1116","MBAMService.exe",,
"5720","1116","LMS.exe",,
"5752","1116","FoxitPDFReaderUpdateService.exe",,
"5848","1116","jhi_service.exe",,
"5876","1116","svchost.exe",,
"5884","1116","svchost.exe",,
"5912","1116","TbtP2pShortcutService.exe",,
"5920","1116","SynTPEnhService.exe",,
"6060","1116","svchost.exe",,
"6100","1116","svchost.exe",,
"6120","1116","wslservice.exe",,
"6128","1116","MpDefenderCoreService.exe",,
"5200","1116","MsMpEng.exe",,
"6200","1116","svchost.exe",,
"6256","1116","WMIRegistrationService.exe",,
"6732","5920","SynTPEnh.exe","C:\Program Files\Synaptics\SynTP\SynTPEnh.exe","""C:\Program Files\Synaptics\SynTP\SynTPEnh.exe"""
"6916","6060","NgcIso.exe",,
"7076","1116","esif_uf.exe",,
"6056","5476","dasHost.exe",,
"7200","5408","crashpad_handler.exe",,
"7480","1116","svchost.exe",,
"3868","1116","svchost.exe",,
"7728","1116","hpqwmiex.exe",,
"7420","3896","HPHotkeyNotification.exe",,
"8400","1288","unsecapp.exe",,
"8700","1116","svchost.exe",,
"8796","1116","svchost.exe",,
"8916","1116","svchost.exe",,
"9080","2352","sihost.exe","C:\WINDOWS\system32\sihost.exe","sihost.exe"
"9124","1116","svchost.exe","C:\WINDOWS\system32\svchost.exe","C:\WINDOWS\system32\svchost.exe -k UnistackSvcGroup -s CDPUserSvc"
"9136","1116","svchost.exe","C:\WINDOWS\system32\svchost.exe","C:\WINDOWS\system32\svchost.exe -k PenService -s PenService"
"7828","1116","LanWlanWwanSwitchingServiceUWP.exe",,
"7832","6900","SynTPHelper.exe",,
"8496","1116","svchost.exe","C:\WINDOWS\system32\svchost.exe","C:\WINDOWS\system32\svchost.exe -k LocalSystemNetworkRestricted -p -s webthreatdefusersvc"
"8480","1116","svchost.exe",,
"8604","1116","PresentationFontCache.exe",,
"8764","1116","svchost.exe","C:\WINDOWS\system32\svchost.exe","C:\WINDOWS\system32\svchost.exe -k UnistackSvcGroup -s WpnUserService"
"6920","2008","taskhostw.exe","C:\WINDOWS\system32\taskhostw.exe","taskhostw.exe {222A245B-E637-4AE9-A93F-A59CA119A75E}"
"8996","2008","MicTray64.exe",,
"9348","2852","igfxEM.exe","C:\WINDOWS\System32\DriverStore\FileRepository\cui_dch.inf_amd64_bdd49bbe6b990549\igfxEM.exe","""C:\WINDOWS\System32\DriverStore\FileRepository\cui_dch.inf_amd64_bdd49bbe6b990549\igfxEM.exe"""
"9616","7076","dptf_helper.exe","C:\WINDOWS\System32\DriverStore\FileRepository\dptf_cpu.inf_amd64_c2c5b0e17a28a48f\dptf_helper.exe","""C:\WINDOWS\System32\DriverStore\FileRepository\dptf_cpu.inf_amd64_c2c5b0e17a28a48f\dptf_helper.exe"""
"9652","9568","explorer.exe","C:\WINDOWS\Explorer.EXE","C:\WINDOWS\Explorer.EXE"
"9772","1116","svchost.exe",,
"8976","5408","DeskIn.exe","C:\Program Files\DeskIn\DeskIn.exe","""C:\Program Files\DeskIn\DeskIn.exe"" --hide --localPort=45600"
"4256","1116","svchost.exe","C:\WINDOWS\system32\svchost.exe","C:\WINDOWS\system32\svchost.exe -k ClipboardSvcGroup -p -s cbdhsvc"
"10252","9080","CrossDeviceResume.exe","C:\WINDOWS\SystemApps\MicrosoftWindows.Client.CBS_cw5n1h2txyewy\CrossDeviceResume.exe","""C:\WINDOWS\SystemApps\MicrosoftWindows.Client.CBS_cw5n1h2txyewy\CrossDeviceResume.exe"" /tileid MicrosoftWindows.Client.CBS_cw5n1h2txyewy!CrossDeviceResumeApp"
"10884","8976","crashpad_handler.exe","C:\Program Files\DeskIn\crashpad_handler.exe","""C:\Program Files\DeskIn\crashpad_handler.exe"" --no-rate-limit ""--database=C:\Program Files\DeskIn\.sentry-native"" ""--metrics-dir=C:\Program Files\DeskIn\.sentry-native"" --url=http://apm-sentry.deskin.sg:9000/api/4/minidump/?sentry_client=sentry.native/0.12.1&sentry_key=94ec38a72b996450c822c47adc477a07 ""--attachment=C:\Program Files\DeskIn\.sentry-native\6d826f99-ed5f-4538-89c1-b3148bb65271.run\__sentry-event"" ""--attachment=C:\Program Files\DeskIn\.sentry-native\6d826f99-ed5f-4538-89c1-b3148bb65271.run\__sentry-breadcrumb1"" ""--attachment=C:\Program Files\DeskIn\.sentry-native\6d826f99-ed5f-4538-89c1-b3148bb65271.run\__sentry-breadcrumb2"" --initial-client-data=0x714,0x718,0x71c,0x6f0,0x720,0x7ffa9f7e8ae8,0x7ffa9f7e8b00,0x7ffa9f7e8b18"
"11040","1288","StartMenuExperienceHost.exe","C:\Windows\SystemApps\Microsoft.Windows.StartMenuExperienceHost_cw5n1h2txyewy\StartMenuExperienceHost.exe","""C:\Windows\SystemApps\Microsoft.Windows.StartMenuExperienceHost_cw5n1h2txyewy\StartMenuExperienceHost.exe"" -ServerName:FullTrustApp.AppXykjsye98af63ez2annt9djke8trg8stn.mca"
"11108","1288","SearchHost.exe","C:\WINDOWS\SystemApps\MicrosoftWindows.Client.CBS_cw5n1h2txyewy\SearchHost.exe","""C:\WINDOWS\SystemApps\MicrosoftWindows.Client.CBS_cw5n1h2txyewy\SearchHost.exe"" -ServerName:CortanaUI.AppXstmwaab17q5s3y22tp6apqz7a45vwv65.mca"
"9492","1116","vmcompute.exe",,
"10512","1288","RuntimeBroker.exe","C:\Windows\System32\RuntimeBroker.exe","C:\Windows\System32\RuntimeBroker.exe -Embedding"
"10904","1116","svchost.exe","C:\WINDOWS\system32\svchost.exe","C:\WINDOWS\system32\svchost.exe -k UdkSvcGroup -s UdkUserSvc"
"11340","1288","Widgets.exe","C:\Program Files\WindowsApps\MicrosoftWindows.Client.WebExperience_526.17301.40.0_x64__cw5n1h2txyewy\Dashboard\Widgets.exe","""C:\Program Files\WindowsApps\MicrosoftWindows.Client.WebExperience_526.17301.40.0_x64__cw5n1h2txyewy\Dashboard\Widgets.exe"" -ServerName:Microsoft.Windows.DashboardServer"
"11384","1116","svchost.exe",,
"11584","1116","svchost.exe",,
"11756","5416","AggregatorHost.exe",,
"12020","1288","CrossDeviceService.exe","C:\Program Files\WindowsApps\MicrosoftWindows.CrossDevice_1.26061.91.0_x64__cw5n1h2txyewy\CrossDeviceService.exe","""C:\Program Files\WindowsApps\MicrosoftWindows.CrossDevice_1.26061.91.0_x64__cw5n1h2txyewy\CrossDeviceService.exe"" -RegisterProcessAsComServer -Embedding"
"11704","4736","wlanext.exe",,
"10372","11108","msedgewebview2.exe","C:\Program Files (x86)\Microsoft\EdgeWebView\Application\150.0.4078.65\msedgewebview2.exe","""C:\Program Files (x86)\Microsoft\EdgeWebView\Application\150.0.4078.65\msedgewebview2.exe"" --embedded-browser-webview=1 --webview-exe-name=SearchHost.exe --webview-exe-version=2605.27010.300.0 --user-data-dir=""C:\Users\hp\AppData\Local\Packages\MicrosoftWindows.Client.CBS_cw5n1h2txyewy\LocalState\EBWebView"" --noerrdialogs --disable-features=msSmartScreenProtection --edge-webview-enable-mojo-ipcz --enable-features=msEdgeFluentOverlayScrollbar --user-agent=""Mozilla/5.0 (Windows NT 10.0; Win64; x64; Cortana 1.18.9.23723; 10.0.0.0.26200.8875) AppleWebKit/537.36 (KHTML, like Gecko) Chrome/70.0.3538.102 Safari/537.36 Edge/18.26200 IsWebView2/True (WebView2Version 150.0.4078.65)"" --lang=en-US --mojo-named-platform-channel-pipe=11108.11968.2034199494622763976 /pfhostedapp:4749da6bd62b034cac4871ad5b00909ee71ad852"
"8612","10372","msedgewebview2.exe","C:\Program Files (x86)\Microsoft\EdgeWebView\Application\150.0.4078.65\msedgewebview2.exe","""C:\Program Files (x86)\Microsoft\EdgeWebView\Application\150.0.4078.65\msedgewebview2.exe"" --type=crashpad-handler --user-data-dir=C:\Users\hp\AppData\Local\Packages\MicrosoftWindows.Client.CBS_cw5n1h2txyewy\LocalState\EBWebView /prefetch:4 /pfhostedapp:4749da6bd62b034cac4871ad5b00909ee71ad852 --monitor-self-annotation=ptype=crashpad-handler --database=C:\Users\hp\AppData\Local\Packages\MicrosoftWindows.Client.CBS_cw5n1h2txyewy\LocalState\EBWebView\Crashpad --metrics-dir=C:\Users\hp\AppData\Local\Packages\MicrosoftWindows.Client.CBS_cw5n1h2txyewy\LocalState\EBWebView --annotation=IsOfficialBuild=1 --annotation=channel= --annotation=chromium-version=150.0.7871.115 ""--annotation=exe=C:\Program Files (x86)\Microsoft\EdgeWebView\Application\150.0.4078.65\msedgewebview2.exe"" --annotation=plat=Win64 ""--annotation=prod=Edge WebView2"" --annotation=ver=150.0.4078.65 --initial-client-data=0x16c,0x170,0x174,0x124,0x17c,0x7ffa5fe9dcf0,0x7ffa5fe9dcfc,0x7ffa5fe9dd08"
"9296","1288","TextInputHost.exe","C:\WINDOWS\SystemApps\MicrosoftWindows.Client.CBS_cw5n1h2txyewy\TextInputHost.exe","""C:\WINDOWS\SystemApps\MicrosoftWindows.Client.CBS_cw5n1h2txyewy\TextInputHost.exe"" -ServerName:InputApp.AppXk0k6mrh4r2q0ct33a9wgbez0x7v9cz5y.mca"
"12452","10372","msedgewebview2.exe","C:\Program Files (x86)\Microsoft\EdgeWebView\Application\150.0.4078.65\msedgewebview2.exe","""C:\Program Files (x86)\Microsoft\EdgeWebView\Application\150.0.4078.65\msedgewebview2.exe"" --type=utility --utility-sub-type=network.mojom.NetworkService --lang=en-US --service-sandbox-type=none --noerrdialogs --user-agent=""Mozilla/5.0 (Windows NT 10.0; Win64; x64; Cortana 1.18.9.23723; 10.0.0.0.26200.8875) AppleWebKit/537.36 (KHTML, like Gecko) Chrome/70.0.3538.102 Safari/537.36 Edge/18.26200 IsWebView2/True (WebView2Version 150.0.4078.65)"" --user-data-dir=""C:\Users\hp\AppData\Local\Packages\MicrosoftWindows.Client.CBS_cw5n1h2txyewy\LocalState\EBWebView"" --webview-exe-name=SearchHost.exe --webview-exe-version=2605.27010.300.0 --embedded-browser-webview=1 --always-read-main-dll --metrics-shmem-handle=2148,i,15022339781840888730,15681488140794585279,524288 --field-trial-handle=1996,i,6716732878491362903,3379298992250341039,262144 --enable-features=msEdgeFluentOverlayScrollbar --disable-features=msSmartScreenProtection --variations-seed-version --pseudonymization-salt-handle=1992,i,15150538185352678927,3348713584483488902,4 --trace-process-track-uuid=3190708989122997041 --mojo-platform-channel-handle=2284 /prefetch:11 /pfhostedapp:4749da6bd62b034cac4871ad5b00909ee71ad852"
"12520","1116","svchost.exe",,
"12536","10372","msedgewebview2.exe","C:\Program Files (x86)\Microsoft\EdgeWebView\Application\150.0.4078.65\msedgewebview2.exe","""C:\Program Files (x86)\Microsoft\EdgeWebView\Application\150.0.4078.65\msedgewebview2.exe"" --type=gpu-process --noerrdialogs --user-agent=""Mozilla/5.0 (Windows NT 10.0; Win64; x64; Cortana 1.18.9.23723; 10.0.0.0.26200.8875) AppleWebKit/537.36 (KHTML, like Gecko) Chrome/70.0.3538.102 Safari/537.36 Edge/18.26200 IsWebView2/True (WebView2Version 150.0.4078.65)"" --user-data-dir=""C:\Users\hp\AppData\Local\Packages\MicrosoftWindows.Client.CBS_cw5n1h2txyewy\LocalState\EBWebView"" --webview-exe-name=SearchHost.exe --webview-exe-version=2605.27010.300.0 --embedded-browser-webview=1 --gpu-preferences=UAAAAAAAAADgAAAEAAAAAAAAAAAAAGAAOAAAAAAAAAABAAAAAAAAAAAAAAAAAAAAAgAAAAAAAAAAAAAAAAAAABgAAAAAAAAAGAAAAAAAAAAIAAAAAAAAAAgAAAAAAAAACAAAAAAAAAA= --always-read-main-dll --metrics-shmem-handle=1860,i,11955510425033061179,15356792798655285150,262144 --field-trial-handle=1996,i,6716732878491362903,3379298992250341039,262144 --enable-features=msEdgeFluentOverlayScrollbar --disable-features=msSmartScreenProtection --variations-seed-version --pseudonymization-salt-handle=1992,i,15150538185352678927,3348713584483488902,4 --trace-process-track-uuid=3190708988185955192 --mojo-platform-channel-handle=1988 /prefetch:2 /pfhostedapp:4749da6bd62b034cac4871ad5b00909ee71ad852"
"12684","10372","msedgewebview2.exe","C:\Program Files (x86)\Microsoft\EdgeWebView\Application\150.0.4078.65\msedgewebview2.exe","""C:\Program Files (x86)\Microsoft\EdgeWebView\Application\150.0.4078.65\msedgewebview2.exe"" --type=utility --utility-sub-type=storage.mojom.StorageService --lang=en-US --service-sandbox-type=service --noerrdialogs --user-agent=""Mozilla/5.0 (Windows NT 10.0; Win64; x64; Cortana 1.18.9.23723; 10.0.0.0.26200.8875) AppleWebKit/537.36 (KHTML, like Gecko) Chrome/70.0.3538.102 Safari/537.36 Edge/18.26200 IsWebView2/True (WebView2Version 150.0.4078.65)"" --user-data-dir=""C:\Users\hp\AppData\Local\Packages\MicrosoftWindows.Client.CBS_cw5n1h2txyewy\LocalState\EBWebView"" --webview-exe-name=SearchHost.exe --webview-exe-version=2605.27010.300.0 --embedded-browser-webview=1 --always-read-main-dll --metrics-shmem-handle=2576,i,8098710374647523319,4754980055593604798,524288 --field-trial-handle=1996,i,6716732878491362903,3379298992250341039,262144 --enable-features=msEdgeFluentOverlayScrollbar --disable-features=msSmartScreenProtection --variations-seed-version --pseudonymization-salt-handle=1992,i,15150538185352678927,3348713584483488902,4 --trace-process-track-uuid=3190708990060038890 --mojo-platform-channel-handle=2636 /prefetch:13 /pfhostedapp:4749da6bd62b034cac4871ad5b00909ee71ad852"
"9036","1116","svchost.exe",,
"13492","10372","msedgewebview2.exe","C:\Program Files (x86)\Microsoft\EdgeWebView\Application\150.0.4078.65\msedgewebview2.exe","""C:\Program Files (x86)\Microsoft\EdgeWebView\Application\150.0.4078.65\msedgewebview2.exe"" --type=renderer --noerrdialogs --user-agent=""Mozilla/5.0 (Windows NT 10.0; Win64; x64; Cortana 1.18.9.23723; 10.0.0.0.26200.8875) AppleWebKit/537.36 (KHTML, like Gecko) Chrome/70.0.3538.102 Safari/537.36 Edge/18.26200 IsWebView2/True (WebView2Version 150.0.4078.65)"" --user-data-dir=""C:\Users\hp\AppData\Local\Packages\MicrosoftWindows.Client.CBS_cw5n1h2txyewy\LocalState\EBWebView"" --webview-exe-name=SearchHost.exe --webview-exe-version=2605.27010.300.0 --embedded-browser-webview=1 --video-capture-use-gpu-memory-buffer --lang=en-US --js-flags=--expose-gc --device-scale-factor=1.5 --num-raster-threads=4 --enable-main-frame-before-activation --renderer-client-id=5 --time-ticks-at-unix-epoch=-1784446664066151 --launch-time-ticks=48305267 --always-read-main-dll --metrics-shmem-handle=3932,i,5369154560979911575,17693484869500625142,2097152 --field-trial-handle=1996,i,6716732878491362903,3379298992250341039,262144 --enable-features=msEdgeFluentOverlayScrollbar --disable-features=msSmartScreenProtection --variations-seed-version --pseudonymization-salt-handle=1992,i,15150538185352678927,3348713584483488902,4 --trace-process-track-uuid=3190708990997080739 --mojo-platform-channel-handle=4056 /pfhostedapp:4749da6bd62b034cac4871ad5b00909ee71ad852 /prefetch:1"
"13728","1288","RuntimeBroker.exe","C:\Windows\System32\RuntimeBroker.exe","C:\Windows\System32\RuntimeBroker.exe -Embedding"
"14136","2344","ctfmon.exe",,
"14160","2344","TabTip.exe",,
"13572","5700","Malwarebytes.exe","C:\Program Files\Malwarebytes\Anti-Malware\Malwarebytes.exe","""C:\Program Files\Malwarebytes\Anti-Malware\Malwarebytes.exe"" nowindow"
"13808","9228","BraveCrashHandler.exe",,
"13760","9228","BraveCrashHandler64.exe",,
"14388","1288","PhoneExperienceHost.exe","C:\Program Files\WindowsApps\Microsoft.YourPhone_1.26052.144.0_x64__8wekyb3d8bbwe\PhoneExperienceHost.exe","""C:\Program Files\WindowsApps\Microsoft.YourPhone_1.26052.144.0_x64__8wekyb3d8bbwe\PhoneExperienceHost.exe"" -ComServer:Background -Embedding"
"14616","1288","WidgetService.exe","C:\Program Files\WindowsApps\Microsoft.WidgetsPlatformRuntime_1.6.19.0_x64__8wekyb3d8bbwe\WidgetService\WidgetService.exe","""C:\Program Files\WindowsApps\Microsoft.WidgetsPlatformRuntime_1.6.19.0_x64__8wekyb3d8bbwe\WidgetService\WidgetService.exe"" -RegisterProcessAsComServer -Embedding"
"15108","1116","svchost.exe","C:\WINDOWS\system32\svchost.exe","C:\WINDOWS\system32\svchost.exe -k LocalService -p -s NPSMSvc"
"6968","1116","NisSrv.exe",,
"14128","9652","SecurityHealthSystray.exe","C:\Windows\System32\SecurityHealthSystray.exe","""C:\Windows\System32\SecurityHealthSystray.exe"" "
"14148","1116","SecurityHealthService.exe",,
"10736","1116","svchost.exe",,
"680","1288","ShellExperienceHost.exe","C:\WINDOWS\SystemApps\ShellExperienceHost_cw5n1h2txyewy\ShellExperienceHost.exe","""C:\WINDOWS\SystemApps\ShellExperienceHost_cw5n1h2txyewy\ShellExperienceHost.exe"" -ServerName:App.AppXtk181tbxbce2qsex02s8tw7hfxa9xb3t.mca"
"3820","1288","RuntimeBroker.exe","C:\Windows\System32\RuntimeBroker.exe","C:\Windows\System32\RuntimeBroker.exe -Embedding"
"4748","9652","OneDrive.exe","C:\Program Files\Microsoft OneDrive\OneDrive.exe","""C:\Program Files\Microsoft OneDrive\OneDrive.exe"" /background"
"5960","1116","SearchIndexer.exe",,
"4688","9652","chrome.exe","C:\Program Files\Google\Chrome\Application\chrome.exe","""C:\Program Files\Google\Chrome\Application\chrome.exe"" --no-startup-window /prefetch:5"
"6044","4688","chrome.exe","C:\Program Files\Google\Chrome\Application\chrome.exe","""C:\Program Files\Google\Chrome\Application\chrome.exe"" --type=crashpad-handler ""--user-data-dir=C:\Users\hp\AppData\Local\Google\Chrome\User Data"" /prefetch:4 --monitor-self-annotation=ptype=crashpad-handler ""--database=C:\Users\hp\AppData\Local\Google\Chrome\User Data\Crashpad"" ""--metrics-dir=C:\Users\hp\AppData\Local\Google\Chrome\User Data"" --url=https://clients2.google.com/cr/report --annotation=channel= --annotation=plat=Win64 --annotation=prod=Chrome --annotation=ver=150.0.7871.125 --initial-client-data=0x12c,0x130,0x134,0x108,0x138,0x7ffa1679ba50,0x7ffa1679ba5c,0x7ffa1679ba68"
"10988","4688","chrome.exe","C:\Program Files\Google\Chrome\Application\chrome.exe","""C:\Program Files\Google\Chrome\Application\chrome.exe"" --type=gpu-process --no-pre-read-main-dll --gpu-preferences=UAAAAAAAAADgAAAEAAAAAAAAAAAAAGAAOAAAAAAAAAABAAAAAAAAAAAAAAAAAAAAAgAAAAAAAAAAAAAAAAAAABgAAAAAAAAAGAAAAAAAAAAIAAAAAAAAAAgAAAAAAAAACAAAAAAAAAA= --metrics-shmem-handle=1856,i,2323269102314897201,18034103584260613405,262144 --field-trial-handle=1964,i,16183301337834698233,15382072491218108408,262144 --variations-seed-version=20260718-030031.422000-production --pseudonymization-salt-handle=1932,i,13497925139381528777,3784421932513333648,4 --trace-process-track-uuid=3190708988185955192 --mojo-platform-channel-handle=1960 /prefetch:2"
"11080","4688","chrome.exe","C:\Program Files\Google\Chrome\Application\chrome.exe","""C:\Program Files\Google\Chrome\Application\chrome.exe"" --type=utility --utility-sub-type=network.mojom.NetworkService --lang=en-US --service-sandbox-type=none --no-pre-read-main-dll --metrics-shmem-handle=2200,i,2615135064809291237,6610478237951628955,524288 --field-trial-handle=1964,i,16183301337834698233,15382072491218108408,262144 --variations-seed-version=20260718-030031.422000-production --pseudonymization-salt-handle=1932,i,13497925139381528777,3784421932513333648,4 --trace-process-track-uuid=3190708989122997041 --mojo-platform-channel-handle=2324 /prefetch:11"
"1848","4688","chrome.exe","C:\Program Files\Google\Chrome\Application\chrome.exe","""C:\Program Files\Google\Chrome\Application\chrome.exe"" --type=utility --utility-sub-type=storage.mojom.StorageService --lang=en-US --service-sandbox-type=service --no-pre-read-main-dll --metrics-shmem-handle=2192,i,4084771444452769517,14656992223876736930,524288 --field-trial-handle=1964,i,16183301337834698233,15382072491218108408,262144 --variations-seed-version=20260718-030031.422000-production --pseudonymization-salt-handle=1932,i,13497925139381528777,3784421932513333648,4 --trace-process-track-uuid=3190708990060038890 --mojo-platform-channel-handle=2404 /prefetch:13"
"5160","6028","HPMSGSVC.exe","C:\Program Files (x86)\HP\HP System Event\HPMSGSVC.exe","""C:\Program Files (x86)\HP\HP System Event\HPMSGSVC.exe"" "
"14104","1288","unsecapp.exe","C:\WINDOWS\system32\wbem\unsecapp.exe","C:\WINDOWS\system32\wbem\unsecapp.exe -Embedding"
"10752","9652","MEGAsync.exe","C:\Users\hp\AppData\Local\MEGAsync\MEGAsync.exe","""C:\Users\hp\AppData\Local\MEGAsync\MEGAsync.exe"" "
"9832","11340","msedgewebview2.exe","C:\Program Files (x86)\Microsoft\EdgeWebView\Application\150.0.4078.65\msedgewebview2.exe","""C:\Program Files (x86)\Microsoft\EdgeWebView\Application\150.0.4078.65\msedgewebview2.exe"" --embedded-browser-webview=1 --webview-exe-name=Widgets.exe --webview-exe-version=526.17301.10.0 --user-data-dir=""C:\Users\hp\AppData\Local\Packages\MicrosoftWindows.Client.WebExperience_cw5n1h2txyewy\LocalState\EBWebView"" --noerrdialogs --disk-cache-size=52428800 --edge-webview-is-background --lang=en-US --mojo-named-platform-channel-pipe=11340.11724.2905373719381342627 /pfhostedapp:7361312a9397797a109557c5e320635f2e71dcaa"
"13692","9832","msedgewebview2.exe","C:\Program Files (x86)\Microsoft\EdgeWebView\Application\150.0.4078.65\msedgewebview2.exe","""C:\Program Files (x86)\Microsoft\EdgeWebView\Application\150.0.4078.65\msedgewebview2.exe"" --type=crashpad-handler --user-data-dir=C:\Users\hp\AppData\Local\Packages\MicrosoftWindows.Client.WebExperience_cw5n1h2txyewy\LocalState\EBWebView /prefetch:4 /pfhostedapp:7361312a9397797a109557c5e320635f2e71dcaa --monitor-self-annotation=ptype=crashpad-handler --database=C:\Users\hp\AppData\Local\Packages\MicrosoftWindows.Client.WebExperience_cw5n1h2txyewy\LocalState\EBWebView\Crashpad --metrics-dir=C:\Users\hp\AppData\Local\Packages\MicrosoftWindows.Client.WebExperience_cw5n1h2txyewy\LocalState\EBWebView --annotation=IsOfficialBuild=1 --annotation=channel= --annotation=chromium-version=150.0.7871.115 ""--annotation=exe=C:\Program Files (x86)\Microsoft\EdgeWebView\Application\150.0.4078.65\msedgewebview2.exe"" --annotation=plat=Win64 ""--annotation=prod=Edge WebView2"" --annotation=ver=150.0.4078.65 --initial-client-data=0x17c,0x180,0x184,0xa0,0x18c,0x7ffa5fe9dcf0,0x7ffa5fe9dcfc,0x7ffa5fe9dd08"
"5932","9832","msedgewebview2.exe","C:\Program Files (x86)\Microsoft\EdgeWebView\Application\150.0.4078.65\msedgewebview2.exe","""C:\Program Files (x86)\Microsoft\EdgeWebView\Application\150.0.4078.65\msedgewebview2.exe"" --type=gpu-process --noerrdialogs --user-data-dir=""C:\Users\hp\AppData\Local\Packages\MicrosoftWindows.Client.WebExperience_cw5n1h2txyewy\LocalState\EBWebView"" --webview-exe-name=Widgets.exe --webview-exe-version=526.17301.10.0 --embedded-browser-webview=1 --gpu-preferences=UAAAAAAAAADgAAAEAAAAAAAAAAAAAGAAOAAAAAAAAAABAAAAAAAAAAAAAAAAAAAAAgAAAAAAAAAAAAAAAAAAABgAAAAAAAAAGAAAAAAAAAAIAAAAAAAAAAgAAAAAAAAACAAAAAAAAAA= --startup-read-main-dll --metrics-shmem-handle=1984,i,17463331986691838186,5031091694068345859,262144 --field-trial-handle=2092,i,18002475794646885714,3665511624876395008,262144 --variations-seed-version --pseudonymization-salt-handle=2096,i,10803270226957720102,173463548296148256,4 --trace-process-track-uuid=3190708988185955192 --mojo-platform-channel-handle=2088 /prefetch:2 /pfhostedapp:7361312a9397797a109557c5e320635f2e71dcaa"
"5936","9832","msedgewebview2.exe","C:\Program Files (x86)\Microsoft\EdgeWebView\Application\150.0.4078.65\msedgewebview2.exe","""C:\Program Files (x86)\Microsoft\EdgeWebView\Application\150.0.4078.65\msedgewebview2.exe"" --type=utility --utility-sub-type=network.mojom.NetworkService --lang=en-US --service-sandbox-type=none --noerrdialogs --user-data-dir=""C:\Users\hp\AppData\Local\Packages\MicrosoftWindows.Client.WebExperience_cw5n1h2txyewy\LocalState\EBWebView"" --webview-exe-name=Widgets.exe --webview-exe-version=526.17301.10.0 --embedded-browser-webview=1 --startup-read-main-dll --metrics-shmem-handle=2308,i,17517970830716558832,5308749001120562662,524288 --field-trial-handle=2092,i,18002475794646885714,3665511624876395008,262144 --variations-seed-version --pseudonymization-salt-handle=2096,i,10803270226957720102,173463548296148256,4 --trace-process-track-uuid=3190708989122997041 --mojo-platform-channel-handle=2332 /prefetch:11 /pfhostedapp:7361312a9397797a109557c5e320635f2e71dcaa"
"1368","1288","RuntimeBroker.exe","C:\Windows\System32\RuntimeBroker.exe","C:\Windows\System32\RuntimeBroker.exe -Embedding"
"15384","9832","msedgewebview2.exe","C:\Program Files (x86)\Microsoft\EdgeWebView\Application\150.0.4078.65\msedgewebview2.exe","""C:\Program Files (x86)\Microsoft\EdgeWebView\Application\150.0.4078.65\msedgewebview2.exe"" --type=utility --utility-sub-type=storage.mojom.StorageService --lang=en-US --service-sandbox-type=service --noerrdialogs --user-data-dir=""C:\Users\hp\AppData\Local\Packages\MicrosoftWindows.Client.WebExperience_cw5n1h2txyewy\LocalState\EBWebView"" --webview-exe-name=Widgets.exe --webview-exe-version=526.17301.10.0 --embedded-browser-webview=1 --startup-read-main-dll --metrics-shmem-handle=2644,i,11375782298536920223,14971720147003418812,524288 --field-trial-handle=2092,i,18002475794646885714,3665511624876395008,262144 --variations-seed-version --pseudonymization-salt-handle=2096,i,10803270226957720102,173463548296148256,4 --trace-process-track-uuid=3190708990060038890 --mojo-platform-channel-handle=2656 /prefetch:13 /pfhostedapp:7361312a9397797a109557c5e320635f2e71dcaa"
"15500","9832","msedgewebview2.exe","C:\Program Files (x86)\Microsoft\EdgeWebView\Application\150.0.4078.65\msedgewebview2.exe","""C:\Program Files (x86)\Microsoft\EdgeWebView\Application\150.0.4078.65\msedgewebview2.exe"" --type=renderer --noerrdialogs --user-data-dir=""C:\Users\hp\AppData\Local\Packages\MicrosoftWindows.Client.WebExperience_cw5n1h2txyewy\LocalState\EBWebView"" --webview-exe-name=Widgets.exe --webview-exe-version=526.17301.10.0 --embedded-browser-webview=1 --video-capture-use-gpu-memory-buffer --lang=en-US --js-flags=--expose-gc --device-scale-factor=1.5 --num-raster-threads=4 --enable-main-frame-before-activation --renderer-client-id=5 --time-ticks-at-unix-epoch=-1784446664066151 --launch-time-ticks=107420190 --ssd-no-pressure-read-main-dll --metrics-shmem-handle=4104,i,2664861217119399994,16878878910375611165,2097152 --field-trial-handle=2092,i,18002475794646885714,3665511624876395008,262144 --variations-seed-version --pseudonymization-salt-handle=2096,i,10803270226957720102,173463548296148256,4 --trace-process-track-uuid=3190708990997080739 --mojo-platform-channel-handle=4112 /pfhostedapp:7361312a9397797a109557c5e320635f2e71dcaa /prefetch:1"
"15448","10752","mega-desktop-app-gfxworker.exe","C:\Users\hp\AppData\Local\MEGAsync\mega-desktop-app-gfxworker.exe","""C:\Users\hp\AppData\Local\MEGAsync\mega-desktop-app-gfxworker.exe"" -n=f574b635-ced1-4428-a5c0-0157878c6a30 -l=60 ""-d=C:\Users\hp\AppData\Local\Mega Limited\MEGAsync\\logs"""
"16288","1116","svchost.exe",,
"16568","1288","WhatsApp.Root.exe","C:\Program Files\WindowsApps\5319275A.WhatsAppDesktop_2.2627.101.0_x64__cv1g1gvanyjgm\WhatsApp.Root.exe","""C:\Program Files\WindowsApps\5319275A.WhatsAppDesktop_2.2627.101.0_x64__cv1g1gvanyjgm\WhatsApp.Root.exe"" -RegisterForBGTaskServer /nowindow /pushnotification -Embedding"
"17368","1288","RuntimeBroker.exe","C:\Windows\System32\RuntimeBroker.exe","C:\Windows\System32\RuntimeBroker.exe -Embedding"
"17156","1288","FileCoAuth.exe","C:\Program Files\Microsoft OneDrive\26.119.0622.0003\FileCoAuth.exe","""C:\Program Files\Microsoft OneDrive\26.119.0622.0003\FileCoAuth.exe"" -Embedding"
"5336","6028","QLBCTRL.exe","C:\Program Files (x86)\Hewlett-Packard\HP Quick Launch Buttons\QLBCTRL.exe","""C:\Program Files (x86)\Hewlett-Packard\HP Quick Launch Buttons\QLBCTRL.exe"" /Start"
"13980","5336","VolCtrl.exe","C:\Program Files (x86)\Hewlett-Packard\HP Quick Launch Buttons\VolCtrl.exe","""C:\Program Files (x86)\Hewlett-Packard\HP Quick Launch Buttons\VolCtrl.exe"" "
"12712","1116","hpqWmiEx.exe",,
"14180","1116","Com4QLBEx.exe",,
"2716","1116","svchost.exe",,
"17084","1116","svchost.exe",,
"3880","1116","svchost.exe",,
"12220","9652","WindowsTerminal.exe","C:\Program Files\WindowsApps\Microsoft.WindowsTerminal_1.24.11911.0_x64__8wekyb3d8bbwe\WindowsTerminal.exe","""C:\Program Files\WindowsApps\Microsoft.WindowsTerminal_1.24.11911.0_x64__8wekyb3d8bbwe\WindowsTerminal.exe"" "
"10008","12220","OpenConsole.exe","C:\Program Files\WindowsApps\Microsoft.WindowsTerminal_1.24.11911.0_x64__8wekyb3d8bbwe\OpenConsole.exe","""C:\Program Files\WindowsApps\Microsoft.WindowsTerminal_1.24.11911.0_x64__8wekyb3d8bbwe\OpenConsole.exe"" --headless --textMeasurement graphemes --width 120 --height 30 --signal 0x8bc --server 0x8b4"
"16912","12220","powershell.exe","C:\WINDOWS\System32\WindowsPowerShell\v1.0\powershell.exe","C:\WINDOWS\System32\WindowsPowerShell\v1.0\powershell.exe"
"11424","1288","ApplicationFrameHost.exe","C:\WINDOWS\system32\ApplicationFrameHost.exe","C:\WINDOWS\system32\ApplicationFrameHost.exe -Embedding"
"8716","1116","svchost.exe","C:\WINDOWS\system32\svchost.exe","C:\WINDOWS\system32\svchost.exe -k DevicesFlow -s DevicesFlowUserSvc"
"13968","1116","svchost.exe",,
"5244","1116","svchost.exe",,
"2204","1116","svchost.exe",,
"10416","1116","svchost.exe",,
"7988","1116","svchost.exe",,
"16864","1116","svchost.exe",,
"8316","1116","svchost.exe",,
"14064","1116","svchost.exe",,
"17132","1288","RuntimeBroker.exe","C:\Windows\System32\RuntimeBroker.exe","C:\Windows\System32\RuntimeBroker.exe -Embedding"
"10020","1116","svchost.exe",,
"4952","1288","SystemSettings.exe","C:\Windows\ImmersiveControlPanel\SystemSettings.exe","""C:\Windows\ImmersiveControlPanel\SystemSettings.exe"" -ServerName:microsoft.windows.immersivecontrolpanel"
"17260","1288","UserOOBEBroker.exe","C:\Windows\System32\oobe\UserOOBEBroker.exe","C:\Windows\System32\oobe\UserOOBEBroker.exe -Embedding"
"11308","4688","chrome.exe","C:\Program Files\Google\Chrome\Application\chrome.exe","""C:\Program Files\Google\Chrome\Application\chrome.exe"" --type=renderer --top-chrome-webui --origin-trial-disabled-features=CanvasTextNg|WebAssemblyCustomDescriptors --no-pre-read-main-dll --video-capture-use-gpu-memory-buffer --lang=en-US --device-scale-factor=1.5 --num-raster-threads=4 --enable-main-frame-before-activation --renderer-client-id=10 --time-ticks-at-unix-epoch=-1784446664066151 --launch-time-ticks=618455352 --metrics-shmem-handle=3376,i,6946654246682355389,7453200300472867617,2097152 --field-trial-handle=1964,i,16183301337834698233,15382072491218108408,262144 --variations-seed-version=20260718-030031.422000-production --pseudonymization-salt-handle=1932,i,13497925139381528777,3784421932513333648,4 --trace-process-track-uuid=3190708995682289984 --mojo-platform-channel-handle=1840 /prefetch:1"
"16908","4688","chrome.exe","C:\Program Files\Google\Chrome\Application\chrome.exe","""C:\Program Files\Google\Chrome\Application\chrome.exe"" --type=renderer --origin-trial-disabled-features=CanvasTextNg|WebAssemblyCustomDescriptors --no-pre-read-main-dll --video-capture-use-gpu-memory-buffer --lang=en-US --device-scale-factor=1.5 --num-raster-threads=4 --enable-main-frame-before-activation --renderer-client-id=46 --time-ticks-at-unix-epoch=-1784446664066151 --launch-time-ticks=618894287 --metrics-shmem-handle=6284,i,16752358160017226933,6275740948850174267,2097152 --field-trial-handle=1964,i,16183301337834698233,15382072491218108408,262144 --variations-seed-version=20260718-030031.422000-production --pseudonymization-salt-handle=1932,i,13497925139381528777,3784421932513333648,4 --trace-process-track-uuid=3190709029415796548 --mojo-platform-channel-handle=6288 /prefetch:1"
"8772","4688","chrome.exe","C:\Program Files\Google\Chrome\Application\chrome.exe","""C:\Program Files\Google\Chrome\Application\chrome.exe"" --type=renderer --origin-trial-disabled-features=CanvasTextNg|WebAssemblyCustomDescriptors --no-pre-read-main-dll --video-capture-use-gpu-memory-buffer --lang=en-US --device-scale-factor=1.5 --num-raster-threads=4 --enable-main-frame-before-activation --renderer-client-id=32 --time-ticks-at-unix-epoch=-1784446664066151 --launch-time-ticks=619179093 --metrics-shmem-handle=6704,i,719715888260320277,14923203114543633036,2097152 --field-trial-handle=1964,i,16183301337834698233,15382072491218108408,262144 --variations-seed-version=20260718-030031.422000-production --pseudonymization-salt-handle=1932,i,13497925139381528777,3784421932513333648,4 --trace-process-track-uuid=3190709016297210662 --mojo-platform-channel-handle=6740 /prefetch:1"
"988","4688","chrome.exe","C:\Program Files\Google\Chrome\Application\chrome.exe","""C:\Program Files\Google\Chrome\Application\chrome.exe"" --type=renderer --origin-trial-disabled-features=CanvasTextNg|WebAssemblyCustomDescriptors --no-pre-read-main-dll --video-capture-use-gpu-memory-buffer --lang=en-US --device-scale-factor=1.5 --num-raster-threads=4 --enable-main-frame-before-activation --renderer-client-id=35 --time-ticks-at-unix-epoch=-1784446664066151 --launch-time-ticks=621262101 --metrics-shmem-handle=7076,i,15293075237283173963,12754736447483541500,2097152 --field-trial-handle=1964,i,16183301337834698233,15382072491218108408,262144 --variations-seed-version=20260718-030031.422000-production --pseudonymization-salt-handle=1932,i,13497925139381528777,3784421932513333648,4 --trace-process-track-uuid=3190709019108336209 --mojo-platform-channel-handle=7008 /prefetch:1"
"2024","4688","chrome.exe","C:\Program Files\Google\Chrome\Application\chrome.exe","""C:\Program Files\Google\Chrome\Application\chrome.exe"" --type=renderer --origin-trial-disabled-features=CanvasTextNg|WebAssemblyCustomDescriptors --no-pre-read-main-dll --video-capture-use-gpu-memory-buffer --lang=en-US --device-scale-factor=1.5 --num-raster-threads=4 --enable-main-frame-before-activation --renderer-client-id=39 --time-ticks-at-unix-epoch=-1784446664066151 --launch-time-ticks=621653788 --metrics-shmem-handle=7044,i,8783415834524962429,17299364578225790673,2097152 --field-trial-handle=1964,i,16183301337834698233,15382072491218108408,262144 --variations-seed-version=20260718-030031.422000-production --pseudonymization-salt-handle=1932,i,13497925139381528777,3784421932513333648,4 --trace-process-track-uuid=3190709022856503605 --mojo-platform-channel-handle=7156 /prefetch:1"
"3012","4688","chrome.exe","C:\Program Files\Google\Chrome\Application\chrome.exe","""C:\Program Files\Google\Chrome\Application\chrome.exe"" --type=renderer --origin-trial-disabled-features=CanvasTextNg|WebAssemblyCustomDescriptors --no-pre-read-main-dll --video-capture-use-gpu-memory-buffer --lang=en-US --device-scale-factor=1.5 --num-raster-threads=4 --enable-main-frame-before-activation --renderer-client-id=48 --time-ticks-at-unix-epoch=-1784446664066151 --launch-time-ticks=633046899 --metrics-shmem-handle=7372,i,5738161635726215958,902584882527497284,2097152 --field-trial-handle=1964,i,16183301337834698233,15382072491218108408,262144 --variations-seed-version=20260718-030031.422000-production --pseudonymization-salt-handle=1932,i,13497925139381528777,3784421932513333648,4 --trace-process-track-uuid=3190709031289880246 --mojo-platform-channel-handle=7348 /prefetch:1"
"10644","4688","chrome.exe","C:\Program Files\Google\Chrome\Application\chrome.exe","""C:\Program Files\Google\Chrome\Application\chrome.exe"" --type=renderer --origin-trial-disabled-features=CanvasTextNg|WebAssemblyCustomDescriptors --no-pre-read-main-dll --video-capture-use-gpu-memory-buffer --lang=en-US --device-scale-factor=1.5 --num-raster-threads=4 --enable-main-frame-before-activation --renderer-client-id=49 --time-ticks-at-unix-epoch=-1784446664066151 --launch-time-ticks=633085752 --metrics-shmem-handle=7592,i,10386557450639394340,6722119472678387516,2097152 --field-trial-handle=1964,i,16183301337834698233,15382072491218108408,262144 --variations-seed-version=20260718-030031.422000-production --pseudonymization-salt-handle=1932,i,13497925139381528777,3784421932513333648,4 --trace-process-track-uuid=3190709032226922095 --mojo-platform-channel-handle=7796 /prefetch:1"
"8932","4688","chrome.exe","C:\Program Files\Google\Chrome\Application\chrome.exe","""C:\Program Files\Google\Chrome\Application\chrome.exe"" --type=renderer --origin-trial-disabled-features=CanvasTextNg|WebAssemblyCustomDescriptors --no-pre-read-main-dll --video-capture-use-gpu-memory-buffer --lang=en-US --device-scale-factor=1.5 --num-raster-threads=4 --enable-main-frame-before-activation --renderer-client-id=50 --time-ticks-at-unix-epoch=-1784446664066151 --launch-time-ticks=633255760 --metrics-shmem-handle=7600,i,18309512092317919312,15920590379938173932,2097152 --field-trial-handle=1964,i,16183301337834698233,15382072491218108408,262144 --variations-seed-version=20260718-030031.422000-production --pseudonymization-salt-handle=1932,i,13497925139381528777,3784421932513333648,4 --trace-process-track-uuid=3190709033163963944 --mojo-platform-channel-handle=7516 /prefetch:1"
"9332","4688","chrome.exe","C:\Program Files\Google\Chrome\Application\chrome.exe","""C:\Program Files\Google\Chrome\Application\chrome.exe"" --type=utility --utility-sub-type=audio.mojom.AudioService --lang=en-US --service-sandbox-type=audio --video-capture-use-gpu-memory-buffer --no-pre-read-main-dll --metrics-shmem-handle=7948,i,7026744978663958359,12311754883998368992,524288 --field-trial-handle=1964,i,16183301337834698233,15382072491218108408,262144 --variations-seed-version=20260718-030031.422000-production --pseudonymization-salt-handle=1932,i,13497925139381528777,3784421932513333648,4 --trace-process-track-uuid=3190709034101005793 --mojo-platform-channel-handle=7472 /prefetch:12"
"11924","1116","svchost.exe",,
"17164","4688","chrome.exe","C:\Program Files\Google\Chrome\Application\chrome.exe","""C:\Program Files\Google\Chrome\Application\chrome.exe"" --type=renderer --origin-trial-disabled-features=CanvasTextNg|WebAssemblyCustomDescriptors --no-pre-read-main-dll --video-capture-use-gpu-memory-buffer --lang=en-US --device-scale-factor=1.5 --num-raster-threads=4 --enable-main-frame-before-activation --renderer-client-id=52 --time-ticks-at-unix-epoch=-1784446664066151 --launch-time-ticks=636998422 --metrics-shmem-handle=8136,i,6318862196339077296,15865860491044933871,2097152 --field-trial-handle=1964,i,16183301337834698233,15382072491218108408,262144 --variations-seed-version=20260718-030031.422000-production --pseudonymization-salt-handle=1932,i,13497925139381528777,3784421932513333648,4 --trace-process-track-uuid=3190709035038047642 --mojo-platform-channel-handle=8232 /prefetch:1"
"9996","4688","chrome.exe","C:\Program Files\Google\Chrome\Application\chrome.exe","""C:\Program Files\Google\Chrome\Application\chrome.exe"" --type=renderer --origin-trial-disabled-features=CanvasTextNg|WebAssemblyCustomDescriptors --no-pre-read-main-dll --video-capture-use-gpu-memory-buffer --lang=en-US --device-scale-factor=1.5 --num-raster-threads=4 --enable-main-frame-before-activation --renderer-client-id=12 --time-ticks-at-unix-epoch=-1784446664066151 --launch-time-ticks=638348216 --metrics-shmem-handle=8152,i,6010663181873783983,972524635635249763,2097152 --field-trial-handle=1964,i,16183301337834698233,15382072491218108408,262144 --variations-seed-version=20260718-030031.422000-production --pseudonymization-salt-handle=1932,i,13497925139381528777,3784421932513333648,4 --trace-process-track-uuid=3190708997556373682 --mojo-platform-channel-handle=6004 /prefetch:1"
"10920","4688","chrome.exe","C:\Program Files\Google\Chrome\Application\chrome.exe","""C:\Program Files\Google\Chrome\Application\chrome.exe"" --type=renderer --origin-trial-disabled-features=CanvasTextNg|WebAssemblyCustomDescriptors --no-pre-read-main-dll --video-capture-use-gpu-memory-buffer --lang=en-US --device-scale-factor=1.5 --num-raster-threads=4 --enable-main-frame-before-activation --renderer-client-id=28 --time-ticks-at-unix-epoch=-1784446664066151 --launch-time-ticks=642004459 --metrics-shmem-handle=8632,i,5272955814340234286,13899205832947050444,2097152 --field-trial-handle=1964,i,16183301337834698233,15382072491218108408,262144 --variations-seed-version=20260718-030031.422000-production --pseudonymization-salt-handle=1932,i,13497925139381528777,3784421932513333648,4 --trace-process-track-uuid=3190709012549043266 --mojo-platform-channel-handle=8188 /prefetch:1"
"4072","4688","chrome.exe","C:\Program Files\Google\Chrome\Application\chrome.exe","""C:\Program Files\Google\Chrome\Application\chrome.exe"" --type=renderer --origin-trial-disabled-features=CanvasTextNg|WebAssemblyCustomDescriptors --no-pre-read-main-dll --video-capture-use-gpu-memory-buffer --lang=en-US --device-scale-factor=1.5 --num-raster-threads=4 --enable-main-frame-before-activation --renderer-client-id=33 --time-ticks-at-unix-epoch=-1784446664066151 --launch-time-ticks=643034586 --metrics-shmem-handle=8644,i,16394519249629301030,10315278424135995184,2097152 --field-trial-handle=1964,i,16183301337834698233,15382072491218108408,262144 --variations-seed-version=20260718-030031.422000-production --pseudonymization-salt-handle=1932,i,13497925139381528777,3784421932513333648,4 --trace-process-track-uuid=3190709017234252511 --mojo-platform-channel-handle=8660 /prefetch:1"
"3596","4688","chrome.exe","C:\Program Files\Google\Chrome\Application\chrome.exe","""C:\Program Files\Google\Chrome\Application\chrome.exe"" --type=renderer --origin-trial-disabled-features=CanvasTextNg|WebAssemblyCustomDescriptors --no-pre-read-main-dll --video-capture-use-gpu-memory-buffer --lang=en-US --device-scale-factor=1.5 --num-raster-threads=4 --enable-main-frame-before-activation --renderer-client-id=36 --time-ticks-at-unix-epoch=-1784446664066151 --launch-time-ticks=645653113 --metrics-shmem-handle=5940,i,5201784169068769135,11331109999117234659,2097152 --field-trial-handle=1964,i,16183301337834698233,15382072491218108408,262144 --variations-seed-version=20260718-030031.422000-production --pseudonymization-salt-handle=1932,i,13497925139381528777,3784421932513333648,4 --trace-process-track-uuid=3190709020045378058 --mojo-platform-channel-handle=8164 /prefetch:1"
"14732","4688","chrome.exe","C:\Program Files\Google\Chrome\Application\chrome.exe","""C:\Program Files\Google\Chrome\Application\chrome.exe"" --type=renderer --origin-trial-disabled-features=CanvasTextNg|WebAssemblyCustomDescriptors --no-pre-read-main-dll --video-capture-use-gpu-memory-buffer --lang=en-US --device-scale-factor=1.5 --num-raster-threads=4 --enable-main-frame-before-activation --renderer-client-id=53 --time-ticks-at-unix-epoch=-1784446664066151 --launch-time-ticks=646688294 --metrics-shmem-handle=8792,i,12652425080766443815,18180320754179311172,2097152 --field-trial-handle=1964,i,16183301337834698233,15382072491218108408,262144 --variations-seed-version=20260718-030031.422000-production --pseudonymization-salt-handle=1932,i,13497925139381528777,3784421932513333648,4 --trace-process-track-uuid=3190709035975089491 --mojo-platform-channel-handle=8664 /prefetch:1"
"12116","4688","chrome.exe","C:\Program Files\Google\Chrome\Application\chrome.exe","""C:\Program Files\Google\Chrome\Application\chrome.exe"" --type=renderer --origin-trial-disabled-features=CanvasTextNg|WebAssemblyCustomDescriptors --no-pre-read-main-dll --video-capture-use-gpu-memory-buffer --lang=en-US --device-scale-factor=1.5 --num-raster-threads=4 --enable-main-frame-before-activation --renderer-client-id=22 --time-ticks-at-unix-epoch=-1784446664066151 --launch-time-ticks=648017529 --metrics-shmem-handle=8952,i,9218978981852835258,14802926903324801565,2097152 --field-trial-handle=1964,i,16183301337834698233,15382072491218108408,262144 --variations-seed-version=20260718-030031.422000-production --pseudonymization-salt-handle=1932,i,13497925139381528777,3784421932513333648,4 --trace-process-track-uuid=3190709006926792172 --mojo-platform-channel-handle=8204 /prefetch:1"
"16040","4688","chrome.exe","C:\Program Files\Google\Chrome\Application\chrome.exe","""C:\Program Files\Google\Chrome\Application\chrome.exe"" --type=renderer --origin-trial-disabled-features=CanvasTextNg|WebAssemblyCustomDescriptors --no-pre-read-main-dll --video-capture-use-gpu-memory-buffer --lang=en-US --device-scale-factor=1.5 --num-raster-threads=4 --enable-main-frame-before-activation --renderer-client-id=31 --time-ticks-at-unix-epoch=-1784446664066151 --launch-time-ticks=653118944 --metrics-shmem-handle=9392,i,2535412598688074011,2284437199654825790,2097152 --field-trial-handle=1964,i,16183301337834698233,15382072491218108408,262144 --variations-seed-version=20260718-030031.422000-production --pseudonymization-salt-handle=1932,i,13497925139381528777,3784421932513333648,4 --trace-process-track-uuid=3190709015360168813 --mojo-platform-channel-handle=9516 /prefetch:1"
"2284","4688","chrome.exe","C:\Program Files\Google\Chrome\Application\chrome.exe","""C:\Program Files\Google\Chrome\Application\chrome.exe"" --type=renderer --origin-trial-disabled-features=CanvasTextNg|WebAssemblyCustomDescriptors --no-pre-read-main-dll --video-capture-use-gpu-memory-buffer --lang=en-US --device-scale-factor=1.5 --num-raster-threads=4 --enable-main-frame-before-activation --renderer-client-id=21 --time-ticks-at-unix-epoch=-1784446664066151 --launch-time-ticks=659276704 --metrics-shmem-handle=9668,i,12549849617713921608,8030683988564907659,2097152 --field-trial-handle=1964,i,16183301337834698233,15382072491218108408,262144 --variations-seed-version=20260718-030031.422000-production --pseudonymization-salt-handle=1932,i,13497925139381528777,3784421932513333648,4 --trace-process-track-uuid=3190709005989750323 --mojo-platform-channel-handle=9904 /prefetch:1"
"13884","4688","chrome.exe","C:\Program Files\Google\Chrome\Application\chrome.exe","""C:\Program Files\Google\Chrome\Application\chrome.exe"" --type=renderer --origin-trial-disabled-features=CanvasTextNg|WebAssemblyCustomDescriptors --no-pre-read-main-dll --video-capture-use-gpu-memory-buffer --lang=en-US --device-scale-factor=1.5 --num-raster-threads=4 --enable-main-frame-before-activation --renderer-client-id=29 --time-ticks-at-unix-epoch=-1784446664066151 --launch-time-ticks=662329324 --metrics-shmem-handle=9420,i,4823430927661517112,5823423542328695685,2097152 --field-trial-handle=1964,i,16183301337834698233,15382072491218108408,262144 --variations-seed-version=20260718-030031.422000-production --pseudonymization-salt-handle=1932,i,13497925139381528777,3784421932513333648,4 --trace-process-track-uuid=3190709013486085115 --mojo-platform-channel-handle=9736 /prefetch:1"
"7256","4688","chrome.exe","C:\Program Files\Google\Chrome\Application\chrome.exe","""C:\Program Files\Google\Chrome\Application\chrome.exe"" --type=utility --utility-sub-type=video_capture.mojom.VideoCaptureService --lang=en-US --service-sandbox-type=none --video-capture-use-gpu-memory-buffer --no-pre-read-main-dll --metrics-shmem-handle=9440,i,14798966951130731212,16849158958191088717,524288 --field-trial-handle=1964,i,16183301337834698233,15382072491218108408,262144 --variations-seed-version=20260718-030031.422000-production --pseudonymization-salt-handle=1932,i,13497925139381528777,3784421932513333648,4 --trace-process-track-uuid=3190709038786215038 --mojo-platform-channel-handle=9640 /prefetch:14"
"4584","4688","chrome.exe","C:\Program Files\Google\Chrome\Application\chrome.exe","""C:\Program Files\Google\Chrome\Application\chrome.exe"" --type=renderer --origin-trial-disabled-features=CanvasTextNg|WebAssemblyCustomDescriptors --no-pre-read-main-dll --video-capture-use-gpu-memory-buffer --lang=en-US --device-scale-factor=1.5 --num-raster-threads=4 --enable-main-frame-before-activation --renderer-client-id=14 --time-ticks-at-unix-epoch=-1784446664066151 --launch-time-ticks=667530052 --metrics-shmem-handle=10228,i,8159994081963373046,6405249358666629576,2097152 --field-trial-handle=1964,i,16183301337834698233,15382072491218108408,262144 --variations-seed-version=20260718-030031.422000-production --pseudonymization-salt-handle=1932,i,13497925139381528777,3784421932513333648,4 --trace-process-track-uuid=3190708999430457380 --mojo-platform-channel-handle=9260 /prefetch:1"
"8436","4688","chrome.exe","C:\Program Files\Google\Chrome\Application\chrome.exe","""C:\Program Files\Google\Chrome\Application\chrome.exe"" --type=renderer --origin-trial-disabled-features=CanvasTextNg|WebAssemblyCustomDescriptors --no-pre-read-main-dll --video-capture-use-gpu-memory-buffer --lang=en-US --device-scale-factor=1.5 --num-raster-threads=4 --enable-main-frame-before-activation --renderer-client-id=58 --time-ticks-at-unix-epoch=-1784446664066151 --launch-time-ticks=670061131 --metrics-shmem-handle=8104,i,11075761018689175662,15495620161738274588,2097152 --field-trial-handle=1964,i,16183301337834698233,15382072491218108408,262144 --variations-seed-version=20260718-030031.422000-production --pseudonymization-salt-handle=1932,i,13497925139381528777,3784421932513333648,4 --trace-process-track-uuid=3190709040660298736 --mojo-platform-channel-handle=9744 /prefetch:1"
"5792","4688","chrome.exe","C:\Program Files\Google\Chrome\Application\chrome.exe","""C:\Program Files\Google\Chrome\Application\chrome.exe"" --type=renderer --origin-trial-disabled-features=CanvasTextNg|WebAssemblyCustomDescriptors --no-pre-read-main-dll --video-capture-use-gpu-memory-buffer --lang=en-US --device-scale-factor=1.5 --num-raster-threads=4 --enable-main-frame-before-activation --renderer-client-id=17 --time-ticks-at-unix-epoch=-1784446664066151 --launch-time-ticks=672807743 --metrics-shmem-handle=10208,i,9994371748975332516,17827485944200359309,2097152 --field-trial-handle=1964,i,16183301337834698233,15382072491218108408,262144 --variations-seed-version=20260718-030031.422000-production --pseudonymization-salt-handle=1932,i,13497925139381528777,3784421932513333648,4 --trace-process-track-uuid=3190709002241582927 --mojo-platform-channel-handle=9952 /prefetch:1"
"5732","4688","chrome.exe","C:\Program Files\Google\Chrome\Application\chrome.exe","""C:\Program Files\Google\Chrome\Application\chrome.exe"" --type=renderer --origin-trial-disabled-features=CanvasTextNg|WebAssemblyCustomDescriptors --no-pre-read-main-dll --video-capture-use-gpu-memory-buffer --lang=en-US --device-scale-factor=1.5 --num-raster-threads=4 --enable-main-frame-before-activation --renderer-client-id=60 --time-ticks-at-unix-epoch=-1784446664066151 --launch-time-ticks=679819402 --metrics-shmem-handle=10368,i,14550265668915594948,15366465774391724536,2097152 --field-trial-handle=1964,i,16183301337834698233,15382072491218108408,262144 --variations-seed-version=20260718-030031.422000-production --pseudonymization-salt-handle=1932,i,13497925139381528777,3784421932513333648,4 --trace-process-track-uuid=3190709042534382434 --mojo-platform-channel-handle=10584 /prefetch:1"
"7584","4688","chrome.exe","C:\Program Files\Google\Chrome\Application\chrome.exe","""C:\Program Files\Google\Chrome\Application\chrome.exe"" --type=renderer --origin-trial-disabled-features=CanvasTextNg|WebAssemblyCustomDescriptors --no-pre-read-main-dll --video-capture-use-gpu-memory-buffer --lang=en-US --device-scale-factor=1.5 --num-raster-threads=4 --enable-main-frame-before-activation --renderer-client-id=44 --time-ticks-at-unix-epoch=-1784446664066151 --launch-time-ticks=680250925 --metrics-shmem-handle=10392,i,14259407737978436168,18248443382049534100,2097152 --field-trial-handle=1964,i,16183301337834698233,15382072491218108408,262144 --variations-seed-version=20260718-030031.422000-production --pseudonymization-salt-handle=1932,i,13497925139381528777,3784421932513333648,4 --trace-process-track-uuid=3190709027541712850 --mojo-platform-channel-handle=10560 /prefetch:1"
"17528","4688","chrome.exe","C:\Program Files\Google\Chrome\Application\chrome.exe","""C:\Program Files\Google\Chrome\Application\chrome.exe"" --type=renderer --origin-trial-disabled-features=CanvasTextNg|WebAssemblyCustomDescriptors --no-pre-read-main-dll --video-capture-use-gpu-memory-buffer --lang=en-US --device-scale-factor=1.5 --num-raster-threads=4 --enable-main-frame-before-activation --renderer-client-id=43 --time-ticks-at-unix-epoch=-1784446664066151 --launch-time-ticks=681533451 --metrics-shmem-handle=9704,i,9147955321063255992,1351617401487591674,2097152 --field-trial-handle=1964,i,16183301337834698233,15382072491218108408,262144 --variations-seed-version=20260718-030031.422000-production --pseudonymization-salt-handle=1932,i,13497925139381528777,3784421932513333648,4 --trace-process-track-uuid=3190709026604671001 --mojo-platform-channel-handle=10420 /prefetch:1"
"17592","4688","chrome.exe","C:\Program Files\Google\Chrome\Application\chrome.exe","""C:\Program Files\Google\Chrome\Application\chrome.exe"" --type=renderer --origin-trial-disabled-features=CanvasTextNg|WebAssemblyCustomDescriptors --no-pre-read-main-dll --video-capture-use-gpu-memory-buffer --lang=en-US --device-scale-factor=1.5 --num-raster-threads=4 --enable-main-frame-before-activation --renderer-client-id=42 --time-ticks-at-unix-epoch=-1784446664066151 --launch-time-ticks=682033891 --metrics-shmem-handle=10844,i,13274117111604347597,3987279985943365345,2097152 --field-trial-handle=1964,i,16183301337834698233,15382072491218108408,262144 --variations-seed-version=20260718-030031.422000-production --pseudonymization-salt-handle=1932,i,13497925139381528777,3784421932513333648,4 --trace-process-track-uuid=3190709025667629152 --mojo-platform-channel-handle=10452 /prefetch:1"
"17688","4688","chrome.exe","C:\Program Files\Google\Chrome\Application\chrome.exe","""C:\Program Files\Google\Chrome\Application\chrome.exe"" --type=renderer --origin-trial-disabled-features=CanvasTextNg|WebAssemblyCustomDescriptors --no-pre-read-main-dll --video-capture-use-gpu-memory-buffer --lang=en-US --device-scale-factor=1.5 --num-raster-threads=4 --enable-main-frame-before-activation --renderer-client-id=61 --time-ticks-at-unix-epoch=-1784446664066151 --launch-time-ticks=683442745 --metrics-shmem-handle=11080,i,11602568205659544489,11753472330224815543,2097152 --field-trial-handle=1964,i,16183301337834698233,15382072491218108408,262144 --variations-seed-version=20260718-030031.422000-production --pseudonymization-salt-handle=1932,i,13497925139381528777,3784421932513333648,4 --trace-process-track-uuid=3190709043471424283 --mojo-platform-channel-handle=11088 /prefetch:1"
"5428","1116","svchost.exe","C:\WINDOWS\System32\svchost.exe","C:\WINDOWS\System32\svchost.exe -k UnistackSvcGroup"
"11152","4688","chrome.exe","C:\Program Files\Google\Chrome\Application\chrome.exe","""C:\Program Files\Google\Chrome\Application\chrome.exe"" --type=renderer --origin-trial-disabled-features=CanvasTextNg|WebAssemblyCustomDescriptors --no-pre-read-main-dll --video-capture-use-gpu-memory-buffer --lang=en-US --device-scale-factor=1.5 --num-raster-threads=4 --enable-main-frame-before-activation --renderer-client-id=84 --time-ticks-at-unix-epoch=-1784446664066151 --launch-time-ticks=1143085748 --metrics-shmem-handle=9320,i,12136881362990110291,123677948443151494,2097152 --field-trial-handle=1964,i,16183301337834698233,15382072491218108408,262144 --variations-seed-version=20260718-030031.422000-production --pseudonymization-salt-handle=1932,i,13497925139381528777,3784421932513333648,4 --trace-process-track-uuid=3190709065023386810 --mojo-platform-channel-handle=10740 /prefetch:1"
"18336","1116","svchost.exe",,
"5320","1288","LockApp.exe","C:\WINDOWS\SystemApps\Microsoft.LockApp_cw5n1h2txyewy\LockApp.exe","""C:\WINDOWS\SystemApps\Microsoft.LockApp_cw5n1h2txyewy\LockApp.exe"" -ServerName:WindowsDefaultLockScreen.AppX7y4nbzq37zn4ks9k7amqjywdat7d3j2z.mca"
"18520","1116","svchost.exe",,
"18652","1288","RuntimeBroker.exe","C:\Windows\System32\RuntimeBroker.exe","C:\Windows\System32\RuntimeBroker.exe -Embedding"
"18824","1116","HPAudioAnalytics.exe",,
"18932","1116","HPWMISVC.exe",,
"20876","9080","claude.exe","C:\Program Files\WindowsApps\Claude_1.22209.3.0_x64__pzs8sxrjxfjjc\app\claude.exe","""C:\Program Files\WindowsApps\Claude_1.22209.3.0_x64__pzs8sxrjxfjjc\app\claude.exe"" "
"2960","1116","cowork-svc.exe",,
"20484","20876","claude.exe","C:\Program Files\WindowsApps\Claude_1.22209.3.0_x64__pzs8sxrjxfjjc\app\claude.exe","""C:\Program Files\WindowsApps\Claude_1.22209.3.0_x64__pzs8sxrjxfjjc\app\claude.exe"" --type=crashpad-handler --user-data-dir=C:\Users\hp\AppData\Roaming\Claude /prefetch:4 --no-rate-limit --monitor-self-annotation=ptype=crashpad-handler --database=C:\Users\hp\AppData\Roaming\Claude\Crashpad --url=https://f.a.k/e --annotation=_productName=Claude --annotation=_version=1.22209.3 --annotation=plat=Win64 --annotation=prod=Electron --annotation=ver=42.5.1 --initial-client-data=0x418,0x40c,0x410,0x414,0x46c,0x7ff69448a148,0x7ff69448a158,0x7ff69448a168"
"20008","20876","claude.exe","C:\Program Files\WindowsApps\Claude_1.22209.3.0_x64__pzs8sxrjxfjjc\app\claude.exe","""C:\Program Files\WindowsApps\Claude_1.22209.3.0_x64__pzs8sxrjxfjjc\app\claude.exe"" --type=gpu-process --user-data-dir=""C:\Users\hp\AppData\Roaming\Claude"" --gpu-preferences=SAAAAAAAAADgAAAEAAAAAAAAAAAAAGAAAQAAAAAAAAAAAAAAAAAAAAIAAAAAAAAAAAAAAAAAAAAQAAAAAAAAABAAAAAAAAAACAAAAAAAAAAIAAAAAAAAAA== --field-trial-handle=2028,i,9643366758233512022,2502108430193311754,262144 --enable-features=DocumentPolicyIncludeJSCallStacksInCrashReports,PdfUseShowSaveFilePicker --disable-features=DropInputEventsWhilePaintHolding,LocalNetworkAccessChecks,NetworkServiceSandbox,ScreenAIOCREnabled,SpareRendererForSitePerProcess,TraceSiteInstanceGetProcessCreation --variations-seed-version --pseudonymization-salt-handle=2032,i,16496281167629584130,3059980816738408159,4 --trace-process-track-uuid=3190708988185955192 --mojo-platform-channel-handle=2024 /prefetch:2"
"20472","20876","claude.exe","C:\Program Files\WindowsApps\Claude_1.22209.3.0_x64__pzs8sxrjxfjjc\app\claude.exe","""C:\Program Files\WindowsApps\Claude_1.22209.3.0_x64__pzs8sxrjxfjjc\app\claude.exe"" --type=utility --utility-sub-type=network.mojom.NetworkService --lang=en-US --service-sandbox-type=none --user-data-dir=""C:\Users\hp\AppData\Roaming\Claude"" --standard-schemes=cowork-artifact,cowork-file,claude-media,claude-simulator,app --secure-schemes=cowork-artifact,cowork-file,claude-media,claude-simulator,app,sentry-ipc --bypasscsp-schemes=claude-media,claude-simulator,sentry-ipc --cors-schemes=claude-simulator,sentry-ipc --fetch-schemes=cowork-artifact,cowork-file,claude-simulator,app,sentry-ipc --service-worker-schemes=app --streaming-schemes=cowork-file,claude-media,claude-simulator --field-trial-handle=2028,i,9643366758233512022,2502108430193311754,262144 --enable-features=DocumentPolicyIncludeJSCallStacksInCrashReports,PdfUseShowSaveFilePicker --disable-features=DropInputEventsWhilePaintHolding,LocalNetworkAccessChecks,NetworkServiceSandbox,ScreenAIOCREnabled,SpareRendererForSitePerProcess,TraceSiteInstanceGetProcessCreation --variations-seed-version --pseudonymization-salt-handle=2032,i,16496281167629584130,3059980816738408159,4 --trace-process-track-uuid=3190708989122997041 --mojo-platform-channel-handle=2336 /prefetch:11"
"21308","20876","claude.exe","C:\Program Files\WindowsApps\Claude_1.22209.3.0_x64__pzs8sxrjxfjjc\app\claude.exe","""C:\Program Files\WindowsApps\Claude_1.22209.3.0_x64__pzs8sxrjxfjjc\app\claude.exe"" --type=renderer --user-data-dir=""C:\Users\hp\AppData\Roaming\Claude"" --standard-schemes=cowork-artifact,cowork-file,claude-media,claude-simulator,app --secure-schemes=cowork-artifact,cowork-file,claude-media,claude-simulator,app,sentry-ipc --bypasscsp-schemes=claude-media,claude-simulator,sentry-ipc --cors-schemes=claude-simulator,sentry-ipc --fetch-schemes=cowork-artifact,cowork-file,claude-simulator,app,sentry-ipc --service-worker-schemes=app --streaming-schemes=cowork-file,claude-media,claude-simulator --app-path=""C:\Program Files\WindowsApps\Claude_1.22209.3.0_x64__pzs8sxrjxfjjc\app\resources\app.asar"" --enable-sandbox --video-capture-use-gpu-memory-buffer --lang=en-US --device-scale-factor=1.5 --num-raster-threads=4 --enable-main-frame-before-activation --renderer-client-id=4 --time-ticks-at-unix-epoch=-1784446659570094 --launch-time-ticks=2883779886 --field-trial-handle=2028,i,9643366758233512022,2502108430193311754,262144 --enable-features=DocumentPolicyIncludeJSCallStacksInCrashReports,PdfUseShowSaveFilePicker --disable-features=DropInputEventsWhilePaintHolding,LocalNetworkAccessChecks,NetworkServiceSandbox,ScreenAIOCREnabled,SpareRendererForSitePerProcess,TraceSiteInstanceGetProcessCreation --variations-seed-version --pseudonymization-salt-handle=2032,i,16496281167629584130,3059980816738408159,4 --trace-process-track-uuid=3190708990060038890 --mojo-platform-channel-handle=3472 --desktop-enterprise-config=""{\""forceLoginOrgUUIDs\"":null,\""loginSsoOrgDomain\"":null,\""disableEssentialTelemetry\"":false,\""disableNonessentialTelemetry\"":false,\""disableMobileSimulatorTools\"":false,\""banner\"":null}"" /prefetch:1"
"12944","20876","claude.exe","C:\Program Files\WindowsApps\Claude_1.22209.3.0_x64__pzs8sxrjxfjjc\app\claude.exe","""C:\Program Files\WindowsApps\Claude_1.22209.3.0_x64__pzs8sxrjxfjjc\app\claude.exe"" --type=renderer --user-data-dir=""C:\Users\hp\AppData\Roaming\Claude"" --standard-schemes=cowork-artifact,cowork-file,claude-media,claude-simulator,app --secure-schemes=cowork-artifact,cowork-file,claude-media,claude-simulator,app,sentry-ipc --bypasscsp-schemes=claude-media,claude-simulator,sentry-ipc --cors-schemes=claude-simulator,sentry-ipc --fetch-schemes=cowork-artifact,cowork-file,claude-simulator,app,sentry-ipc --service-worker-schemes=app --streaming-schemes=cowork-file,claude-media,claude-simulator --app-path=""C:\Program Files\WindowsApps\Claude_1.22209.3.0_x64__pzs8sxrjxfjjc\app\resources\app.asar"" --enable-sandbox --video-capture-use-gpu-memory-buffer --lang=en-US --device-scale-factor=1.5 --num-raster-threads=4 --enable-main-frame-before-activation --renderer-client-id=6 --time-ticks-at-unix-epoch=-1784446659570094 --launch-time-ticks=2884234089 --field-trial-handle=2028,i,9643366758233512022,2502108430193311754,262144 --enable-features=DocumentPolicyIncludeJSCallStacksInCrashReports,PdfUseShowSaveFilePicker --disable-features=DropInputEventsWhilePaintHolding,LocalNetworkAccessChecks,NetworkServiceSandbox,ScreenAIOCREnabled,SpareRendererForSitePerProcess,TraceSiteInstanceGetProcessCreation --variations-seed-version --pseudonymization-salt-handle=2032,i,16496281167629584130,3059980816738408159,4 --trace-process-track-uuid=3190708991934122588 --mojo-platform-channel-handle=4108 --desktop-features=""{\""artifactsPane\"":{\""status\"":\""unavailable\""},\""nativeQuickEntry\"":{\""status\"":\""unavailable\""},\""quickEntryDictation\"":{\""status\"":\""unavailable\""},\""quickEntryGlobalShortcut\"":{\""status\"":\""supported\""},\""customQuickEntryDictationShortcut\"":{\""status\"":\""supported\""},\""plushRaccoon\"":{\""status\"":\""unavailable\""},\""quietPenguin\"":{\""status\"":\""unavailable\""},\""chillingSlothFeat\"":{\""status\"":\""supported\""},\""chillingSlothSshShell\"":{\""status\"":\""supported\""},\""chillingSlothEnterprise\"":{\""status\"":\""supported\""},\""chillingSlothLocal\"":{\""status\"":\""supported\""},\""chillingSlothPool\"":{\""status\"":\""unavailable\""},\""yukonSilver\"":{\""status\"":\""supported\""},\""yukonSilverGems\"":{\""status\"":\""supported\""},\""yukonSilverGemsCache\"":{\""status\"":\""supported\""},\""wakeScheduler\"":{\""status\"":\""unavailable\""},\""desktopTopBar\"":{\""status\"":\""supported\""},\""ccdPlugins\"":{\""status\"":\""supported\""},\""computerUse\"":{\""status\"":\""supported\""},\""coworkWatchRecord\"":{\""status\"":\""unsupported\"",\""reason\"":\""Watch-record is not available on this platform\"",\""unsupportedCode\"":\""unsupported_platform\""},\""coworkWatchers\"":{\""status\"":\""unavailable\""},\""coworkKappa\"":{\""status\"":\""unavailable\""},\""coworkArtifacts\"":{\""status\"":\""unavailable\""},\""coworkAutoModeAlwaysAllowOverride\"":{\""status\"":\""unavailable\""},\""framebufferPreview\"":{\""status\"":\""unavailable\""},\""iosSimulator\"":{\""status\"":\""unsupported\"",\""reason\"":\""iOS Simulator panel requires macOS\"",\""unsupportedCode\"":\""unsupported_platform\""},\""androidEmulator\"":{\""status\"":\""unsupported\"",\""reason\"":\""Android emulator is disabled by its rollout flag\"",\""unsupportedCode\"":\""unknown\""},\""iosSimulatorH264\"":{\""status\"":\""unsupported\"",\""reason\"":\""iOS Simulator panel requires macOS\"",\""unsupportedCode\"":\""unsupported_platform\""},\""grandPrix\"":{\""status\"":\""unavailable\""},\""tearOffHalo\"":{\""status\"":\""unsupported\"",\""reason\"":\""Tear-off halo overlay requires macOS\"",\""unsupportedCode\"":\""unsupported_platform\""},\""coworkArtifactPopout\"":{\""status\"":\""supported\""},\""claudeDesignWindow\"":{\""status\"":\""supported\""},\""coworkRemoteSessionSpaces\"":{\""status\"":\""supported\""},\""spaceMemoryBridge\"":{\""status\"":\""unavailable\""},\""grandPrixRequest\"":{\""status\"":\""unavailable\""},\""coworkBranchSession\"":{\""status\"":\""supported\""},\""coworkScheduledTaskProjects\"":{\""status\"":\""supported\""},\""coworkLocalSessionProjects\"":{\""status\"":\""supported\""},\""bootstrapConfig\"":{\""status\"":\""supported\""},\""chatIn3p\"":{\""status\"":\""supported\""},\""builtinMcpPresets\"":{\""status\"":\""supported\""},\""surfaceTogglesPreview\"":{\""status\"":\""unavailable\""},\""chatTab\"":{\""status\"":\""unavailable\""},\""chatCodeExecution\"":{\""status\"":\""unavailable\""},\""epitaxyMcpApps\"":{\""status\"":\""unavailable\""}}"" --desktop-enterprise-config=""{\""forceLoginOrgUUIDs\"":null,\""loginSsoOrgDomain\"":null,\""disableEssentialTelemetry\"":false,\""disableNonessentialTelemetry\"":false,\""disableMobileSimulatorTools\"":false,\""banner\"":null}"" --desktop-telemetry-config=""{\""deploymentMode\"":\""1p\"",\""appVersion\"":\""1.22209.3\"",\""cookielessOrigin\"":false}"" /prefetch:1"
"21052","20876","claude.exe","C:\Program Files\WindowsApps\Claude_1.22209.3.0_x64__pzs8sxrjxfjjc\app\claude.exe","""C:\Program Files\WindowsApps\Claude_1.22209.3.0_x64__pzs8sxrjxfjjc\app\claude.exe"" --type=utility --utility-sub-type=video_capture.mojom.VideoCaptureService --lang=en-US --service-sandbox-type=none --video-capture-use-gpu-memory-buffer --user-data-dir=""C:\Users\hp\AppData\Roaming\Claude"" --standard-schemes=cowork-artifact,cowork-file,claude-media,claude-simulator,app --secure-schemes=cowork-artifact,cowork-file,claude-media,claude-simulator,app,sentry-ipc --bypasscsp-schemes=claude-media,claude-simulator,sentry-ipc --cors-schemes=claude-simulator,sentry-ipc --fetch-schemes=cowork-artifact,cowork-file,claude-simulator,app,sentry-ipc --service-worker-schemes=app --streaming-schemes=cowork-file,claude-media,claude-simulator --field-trial-handle=2028,i,9643366758233512022,2502108430193311754,262144 --enable-features=DocumentPolicyIncludeJSCallStacksInCrashReports,PdfUseShowSaveFilePicker --disable-features=DropInputEventsWhilePaintHolding,LocalNetworkAccessChecks,NetworkServiceSandbox,ScreenAIOCREnabled,SpareRendererForSitePerProcess,TraceSiteInstanceGetProcessCreation --variations-seed-version --pseudonymization-salt-handle=2032,i,16496281167629584130,3059980816738408159,4 --trace-process-track-uuid=3190708993808206286 --mojo-platform-channel-handle=3628 /prefetch:14"
"20276","20876","claude.exe","C:\Program Files\WindowsApps\Claude_1.22209.3.0_x64__pzs8sxrjxfjjc\app\claude.exe","""C:\Program Files\WindowsApps\Claude_1.22209.3.0_x64__pzs8sxrjxfjjc\app\claude.exe"" --type=utility --utility-sub-type=audio.mojom.AudioService --lang=en-US --service-sandbox-type=audio --video-capture-use-gpu-memory-buffer --user-data-dir=""C:\Users\hp\AppData\Roaming\Claude"" --standard-schemes=cowork-artifact,cowork-file,claude-media,claude-simulator,app --secure-schemes=cowork-artifact,cowork-file,claude-media,claude-simulator,app,sentry-ipc --bypasscsp-schemes=claude-media,claude-simulator,sentry-ipc --cors-schemes=claude-simulator,sentry-ipc --fetch-schemes=cowork-artifact,cowork-file,claude-simulator,app,sentry-ipc --service-worker-schemes=app --streaming-schemes=cowork-file,claude-media,claude-simulator --field-trial-handle=2028,i,9643366758233512022,2502108430193311754,262144 --enable-features=DocumentPolicyIncludeJSCallStacksInCrashReports,PdfUseShowSaveFilePicker --disable-features=DropInputEventsWhilePaintHolding,LocalNetworkAccessChecks,NetworkServiceSandbox,ScreenAIOCREnabled,SpareRendererForSitePerProcess,TraceSiteInstanceGetProcessCreation --variations-seed-version --pseudonymization-salt-handle=2032,i,16496281167629584130,3059980816738408159,4 --trace-process-track-uuid=3190708992871164437 --mojo-platform-channel-handle=3652 /prefetch:12"
"15952","20876","claude.exe","C:\Program Files\WindowsApps\Claude_1.22209.3.0_x64__pzs8sxrjxfjjc\app\claude.exe","""C:\Program Files\WindowsApps\Claude_1.22209.3.0_x64__pzs8sxrjxfjjc\app\claude.exe"" --type=utility --utility-sub-type=node.mojom.NodeService --lang=en-US --service-sandbox-type=none --video-capture-use-gpu-memory-buffer --user-data-dir=""C:\Users\hp\AppData\Roaming\Claude"" --standard-schemes=cowork-artifact,cowork-file,claude-media,claude-simulator,app --secure-schemes=cowork-artifact,cowork-file,claude-media,claude-simulator,app,sentry-ipc --bypasscsp-schemes=claude-media,claude-simulator,sentry-ipc --cors-schemes=claude-simulator,sentry-ipc --fetch-schemes=cowork-artifact,cowork-file,claude-simulator,app,sentry-ipc --service-worker-schemes=app --streaming-schemes=cowork-file,claude-media,claude-simulator --field-trial-handle=2028,i,9643366758233512022,2502108430193311754,262144 --enable-features=DocumentPolicyIncludeJSCallStacksInCrashReports,PdfUseShowSaveFilePicker --disable-features=DropInputEventsWhilePaintHolding,LocalNetworkAccessChecks,NetworkServiceSandbox,ScreenAIOCREnabled,SpareRendererForSitePerProcess,TraceSiteInstanceGetProcessCreation --variations-seed-version --pseudonymization-salt-handle=2032,i,16496281167629584130,3059980816738408159,4 --trace-process-track-uuid=3190708995682289984 --mojo-platform-channel-handle=4580 /prefetch:14"
"20888","20876","claude.exe","C:\Program Files\WindowsApps\Claude_1.22209.3.0_x64__pzs8sxrjxfjjc\app\claude.exe","""C:\Program Files\WindowsApps\Claude_1.22209.3.0_x64__pzs8sxrjxfjjc\app\claude.exe"" --type=utility --utility-sub-type=node.mojom.NodeService --lang=en-US --service-sandbox-type=none --video-capture-use-gpu-memory-buffer --user-data-dir=""C:\Users\hp\AppData\Roaming\Claude"" --standard-schemes=cowork-artifact,cowork-file,claude-media,claude-simulator,app --secure-schemes=cowork-artifact,cowork-file,claude-media,claude-simulator,app,sentry-ipc --bypasscsp-schemes=claude-media,claude-simulator,sentry-ipc --cors-schemes=claude-simulator,sentry-ipc --fetch-schemes=cowork-artifact,cowork-file,claude-simulator,app,sentry-ipc --service-worker-schemes=app --streaming-schemes=cowork-file,claude-media,claude-simulator --field-trial-handle=2028,i,9643366758233512022,2502108430193311754,262144 --enable-features=DocumentPolicyIncludeJSCallStacksInCrashReports,PdfUseShowSaveFilePicker --disable-features=DropInputEventsWhilePaintHolding,LocalNetworkAccessChecks,NetworkServiceSandbox,ScreenAIOCREnabled,SpareRendererForSitePerProcess,TraceSiteInstanceGetProcessCreation --variations-seed-version --pseudonymization-salt-handle=2032,i,16496281167629584130,3059980816738408159,4 --trace-process-track-uuid=3190708996619331833 --mojo-platform-channel-handle=4592 /prefetch:14"
"4812","20876","claude.exe","C:\Program Files\WindowsApps\Claude_1.22209.3.0_x64__pzs8sxrjxfjjc\app\claude.exe","""C:\Program Files\WindowsApps\Claude_1.22209.3.0_x64__pzs8sxrjxfjjc\app\claude.exe"" --type=utility --utility-sub-type=node.mojom.NodeService --lang=en-US --service-sandbox-type=none --video-capture-use-gpu-memory-buffer --user-data-dir=""C:\Users\hp\AppData\Roaming\Claude"" --standard-schemes=cowork-artifact,cowork-file,claude-media,claude-simulator,app --secure-schemes=cowork-artifact,cowork-file,claude-media,claude-simulator,app,sentry-ipc --bypasscsp-schemes=claude-media,claude-simulator,sentry-ipc --cors-schemes=claude-simulator,sentry-ipc --fetch-schemes=cowork-artifact,cowork-file,claude-simulator,app,sentry-ipc --service-worker-schemes=app --streaming-schemes=cowork-file,claude-media,claude-simulator --field-trial-handle=2028,i,9643366758233512022,2502108430193311754,262144 --enable-features=DocumentPolicyIncludeJSCallStacksInCrashReports,PdfUseShowSaveFilePicker --disable-features=DropInputEventsWhilePaintHolding,LocalNetworkAccessChecks,NetworkServiceSandbox,ScreenAIOCREnabled,SpareRendererForSitePerProcess,TraceSiteInstanceGetProcessCreation --variations-seed-version --pseudonymization-salt-handle=2032,i,16496281167629584130,3059980816738408159,4 --trace-process-track-uuid=3190708997556373682 --mojo-platform-channel-handle=4692 /prefetch:14"
"17896","4812","conhost.exe","\\?\C:\WINDOWS\system32\conhost.exe","\\?\C:\WINDOWS\system32\conhost.exe --headless --width 80 --height 24 --signal 0x53c --server 0x530"
"16820","4812","powershell.exe","C:\WINDOWS\System32\WindowsPowerShell\v1.0\powershell.exe","powershell.exe"
"9936","20876","claude.exe","C:\Users\hp\AppData\Roaming\Claude\claude-code\2.1.215\claude.exe","C:\Users\hp\AppData\Roaming\Claude\claude-code\2.1.215\claude.exe --output-format stream-json --verbose --input-format stream-json --effort medium --model claude-fable-5 --permission-prompt-tool stdio --resume=db207b29-40c4-4e91-bd4a-22137b1ef47a --allowedTools mcp__computer-use,mcp__ccd_session__spawn_task,mcp__ccd_session__dismiss_task,mcp__ccd_session__mark_chapter,mcp__ccd_session_mgmt__list_sessions,mcp__ccd_session_mgmt__get_session,mcp__ccd_session_mgmt__set_session_title,mcp__ccd_session_mgmt__search_session_transcripts,mcp__ccd_session_mgmt__list_events,mcp__ccd_session__read_widget_context --setting-sources=user,project,local --permission-mode acceptEdits --include-partial-messages --plugin-dir C:\Users\hp\AppData\Roaming\Claude\local-agent-mode-sessions\skills-plugin\2d7d4222-354e-4a90-ab6f-2dad01773da6\c3880d75-5d46-4bf9-bd85-77cf10b8a54e --fork-session --resume-session-at=439c5c2d-6c85-44cb-9b09-7d380e522a1e --thinking-display summarized --replay-user-messages --settings {}"
"16576","9936","conhost.exe","C:\WINDOWS\system32\conhost.exe","\??\C:\WINDOWS\system32\conhost.exe 0x4"
"18276","4688","chrome.exe","C:\Program Files\Google\Chrome\Application\chrome.exe","""C:\Program Files\Google\Chrome\Application\chrome.exe"" --type=renderer --origin-trial-disabled-features=CanvasTextNg|WebAssemblyCustomDescriptors --no-pre-read-main-dll --video-capture-use-gpu-memory-buffer --lang=en-US --device-scale-factor=1.5 --num-raster-threads=4 --enable-main-frame-before-activation --renderer-client-id=25 --time-ticks-at-unix-epoch=-1784446664066151 --launch-time-ticks=3511305683 --metrics-shmem-handle=4212,i,16787786693275278775,6402916205978530070,2097152 --field-trial-handle=1964,i,16183301337834698233,15382072491218108408,262144 --variations-seed-version=20260718-030031.422000-production --pseudonymization-salt-handle=1932,i,13497925139381528777,3784421932513333648,4 --trace-process-track-uuid=3190709009737917719 --mojo-platform-channel-handle=5392 /prefetch:1"
"18588","4688","chrome.exe","C:\Program Files\Google\Chrome\Application\chrome.exe","""C:\Program Files\Google\Chrome\Application\chrome.exe"" --type=renderer --origin-trial-disabled-features=CanvasTextNg|WebAssemblyCustomDescriptors --no-pre-read-main-dll --video-capture-use-gpu-memory-buffer --lang=en-US --device-scale-factor=1.5 --num-raster-threads=4 --enable-main-frame-before-activation --renderer-client-id=86 --time-ticks-at-unix-epoch=-1784446664066151 --launch-time-ticks=3514137221 --metrics-shmem-handle=4044,i,17207763579178324549,7833576927874669342,2097152 --field-trial-handle=1964,i,16183301337834698233,15382072491218108408,262144 --variations-seed-version=20260718-030031.422000-production --pseudonymization-salt-handle=1932,i,13497925139381528777,3784421932513333648,4 --trace-process-track-uuid=3190709066897470508 --mojo-platform-channel-handle=6564 /prefetch:1"
"18672","9652","dimscreen-1.1-installer.exe",,
"21248","9080","ShellHost.exe","C:\Windows\System32\ShellHost.exe","""C:\Windows\System32\ShellHost.exe"""
"20388","4688","chrome.exe","C:\Program Files\Google\Chrome\Application\chrome.exe","""C:\Program Files\Google\Chrome\Application\chrome.exe"" --type=renderer --origin-trial-disabled-features=CanvasTextNg|WebAssemblyCustomDescriptors --no-pre-read-main-dll --video-capture-use-gpu-memory-buffer --lang=en-US --device-scale-factor=1.5 --num-raster-threads=4 --enable-main-frame-before-activation --renderer-client-id=87 --time-ticks-at-unix-epoch=-1784446664066151 --launch-time-ticks=4693077100 --metrics-shmem-handle=12036,i,3083231481678789728,4087639606946994773,2097152 --field-trial-handle=1964,i,16183301337834698233,15382072491218108408,262144 --variations-seed-version=20260718-030031.422000-production --pseudonymization-salt-handle=1932,i,13497925139381528777,3784421932513333648,4 --trace-process-track-uuid=3190709067834512357 --mojo-platform-channel-handle=12172 /prefetch:1"
"15560","4688","chrome.exe","C:\Program Files\Google\Chrome\Application\chrome.exe","""C:\Program Files\Google\Chrome\Application\chrome.exe"" --type=renderer --origin-trial-disabled-features=CanvasTextNg|WebAssemblyCustomDescriptors --no-pre-read-main-dll --video-capture-use-gpu-memory-buffer --lang=en-US --device-scale-factor=1.5 --num-raster-threads=4 --enable-main-frame-before-activation --renderer-client-id=88 --time-ticks-at-unix-epoch=-1784446664066151 --launch-time-ticks=4693966758 --metrics-shmem-handle=12196,i,10395452205734252904,4480654981384662997,2097152 --field-trial-handle=1964,i,16183301337834698233,15382072491218108408,262144 --variations-seed-version=20260718-030031.422000-production --pseudonymization-salt-handle=1932,i,13497925139381528777,3784421932513333648,4 --trace-process-track-uuid=3190709068771554206 --mojo-platform-channel-handle=10940 /prefetch:1"
"7444","4688","chrome.exe","C:\Program Files\Google\Chrome\Application\chrome.exe","""C:\Program Files\Google\Chrome\Application\chrome.exe"" --type=renderer --origin-trial-disabled-features=CanvasTextNg|WebAssemblyCustomDescriptors --no-pre-read-main-dll --video-capture-use-gpu-memory-buffer --lang=en-US --device-scale-factor=1.5 --num-raster-threads=4 --enable-main-frame-before-activation --renderer-client-id=11 --time-ticks-at-unix-epoch=-1784446664066151 --launch-time-ticks=5029173023 --metrics-shmem-handle=4412,i,3943843921028011376,11469269030135214754,2097152 --field-trial-handle=1964,i,16183301337834698233,15382072491218108408,262144 --variations-seed-version=20260718-030031.422000-production --pseudonymization-salt-handle=1932,i,13497925139381528777,3784421932513333648,4 --trace-process-track-uuid=3190708996619331833 --mojo-platform-channel-handle=12212 /prefetch:1"
"20916","4688","chrome.exe","C:\Program Files\Google\Chrome\Application\chrome.exe","""C:\Program Files\Google\Chrome\Application\chrome.exe"" --type=renderer --origin-trial-disabled-features=CanvasTextNg|WebAssemblyCustomDescriptors --no-pre-read-main-dll --video-capture-use-gpu-memory-buffer --lang=en-US --device-scale-factor=1.5 --num-raster-threads=4 --enable-main-frame-before-activation --renderer-client-id=18 --time-ticks-at-unix-epoch=-1784446664066151 --launch-time-ticks=5282274815 --metrics-shmem-handle=5776,i,16748066589160095411,14781525164868092058,2097152 --field-trial-handle=1964,i,16183301337834698233,15382072491218108408,262144 --variations-seed-version=20260718-030031.422000-production --pseudonymization-salt-handle=1932,i,13497925139381528777,3784421932513333648,4 --trace-process-track-uuid=3190709003178624776 --mojo-platform-channel-handle=6588 /prefetch:1"
"20740","12220","OpenConsole.exe","C:\Program Files\WindowsApps\Microsoft.WindowsTerminal_1.24.11911.0_x64__8wekyb3d8bbwe\OpenConsole.exe","""C:\Program Files\WindowsApps\Microsoft.WindowsTerminal_1.24.11911.0_x64__8wekyb3d8bbwe\OpenConsole.exe"" --headless --textMeasurement graphemes --width 120 --height 30 --signal 0xad0 --server 0xb80"
"4052","12220","powershell.exe","C:\WINDOWS\System32\WindowsPowerShell\v1.0\powershell.exe","C:\WINDOWS\System32\WindowsPowerShell\v1.0\powershell.exe"
"20460","4688","chrome.exe","C:\Program Files\Google\Chrome\Application\chrome.exe","""C:\Program Files\Google\Chrome\Application\chrome.exe"" --type=renderer --origin-trial-disabled-features=CanvasTextNg|WebAssemblyCustomDescriptors --no-pre-read-main-dll --video-capture-use-gpu-memory-buffer --lang=en-US --device-scale-factor=1.5 --num-raster-threads=4 --enable-main-frame-before-activation --renderer-client-id=30 --time-ticks-at-unix-epoch=-1784446664066151 --launch-time-ticks=5992813671 --metrics-shmem-handle=4084,i,13168012692724655167,5947525360119241955,2097152 --field-trial-handle=1964,i,16183301337834698233,15382072491218108408,262144 --variations-seed-version=20260718-030031.422000-production --pseudonymization-salt-handle=1932,i,13497925139381528777,3784421932513333648,4 --trace-process-track-uuid=3190709014423126964 --mojo-platform-channel-handle=9332 /prefetch:1"
"7816","4688","chrome.exe","C:\Program Files\Google\Chrome\Application\chrome.exe","""C:\Program Files\Google\Chrome\Application\chrome.exe"" --type=renderer --origin-trial-disabled-features=CanvasTextNg|WebAssemblyCustomDescriptors --no-pre-read-main-dll --video-capture-use-gpu-memory-buffer --lang=en-US --device-scale-factor=1.5 --num-raster-threads=4 --enable-main-frame-before-activation --renderer-client-id=90 --time-ticks-at-unix-epoch=-1784446664066151 --launch-time-ticks=6034164822 --metrics-shmem-handle=12452,i,14106765650234059919,1937382371222699113,2097152 --field-trial-handle=1964,i,16183301337834698233,15382072491218108408,262144 --variations-seed-version=20260718-030031.422000-production --pseudonymization-salt-handle=1932,i,13497925139381528777,3784421932513333648,4 --trace-process-track-uuid=3190709070645637904 --mojo-platform-channel-handle=12388 /prefetch:1"
"9904","4688","chrome.exe","C:\Program Files\Google\Chrome\Application\chrome.exe","""C:\Program Files\Google\Chrome\Application\chrome.exe"" --type=renderer --origin-trial-disabled-features=CanvasTextNg|WebAssemblyCustomDescriptors --no-pre-read-main-dll --video-capture-use-gpu-memory-buffer --lang=en-US --device-scale-factor=1.5 --num-raster-threads=4 --enable-main-frame-before-activation --renderer-client-id=40 --time-ticks-at-unix-epoch=-1784446664066151 --launch-time-ticks=6059817203 --metrics-shmem-handle=12448,i,5520821438970634936,12469457985849545202,2097152 --field-trial-handle=1964,i,16183301337834698233,15382072491218108408,262144 --variations-seed-version=20260718-030031.422000-production --pseudonymization-salt-handle=1932,i,13497925139381528777,3784421932513333648,4 --trace-process-track-uuid=3190709023793545454 --mojo-platform-channel-handle=11388 /prefetch:1"
"7556","1116","svchost.exe",,
"372","1116","svchost.exe",,
"21488","4688","chrome.exe","C:\Program Files\Google\Chrome\Application\chrome.exe","""C:\Program Files\Google\Chrome\Application\chrome.exe"" --type=renderer --origin-trial-disabled-features=CanvasTextNg|WebAssemblyCustomDescriptors --no-pre-read-main-dll --video-capture-use-gpu-memory-buffer --lang=en-US --device-scale-factor=1.5 --num-raster-threads=4 --enable-main-frame-before-activation --renderer-client-id=23 --time-ticks-at-unix-epoch=-1784446664066151 --launch-time-ticks=6371485533 --metrics-shmem-handle=6296,i,14459072451689154680,9208194550633840790,2097152 --field-trial-handle=1964,i,16183301337834698233,15382072491218108408,262144 --variations-seed-version=20260718-030031.422000-production --pseudonymization-salt-handle=1932,i,13497925139381528777,3784421932513333648,4 --trace-process-track-uuid=3190709007863834021 --mojo-platform-channel-handle=4408 /prefetch:1"
"7896","1288","WmiPrvSE.exe",,
